{
"meta":{"test_sets":[],"test_metrics":[],"learn_metrics":[{"best_value":"Min","name":"RMSE"}],"launch_mode":"Train","parameters":"","iteration_count":1000,"learn_sets":["learn"],"name":"experiment"},
"iterations":[
{"learn":[14.59871775],"iteration":0,"passed_time":0.003445366718,"remaining_time":3.441921351},
{"learn":[14.22518863],"iteration":1,"passed_time":0.005681981977,"remaining_time":2.835309007},
{"learn":[13.8866124],"iteration":2,"passed_time":0.007439705781,"remaining_time":2.472462221},
{"learn":[13.52356875],"iteration":3,"passed_time":0.009760291321,"remaining_time":2.430312539},
{"learn":[13.18870211],"iteration":4,"passed_time":0.01209393619,"remaining_time":2.406693302},
{"learn":[12.9124226],"iteration":5,"passed_time":0.01435828189,"remaining_time":2.3786887},
{"learn":[12.60003351],"iteration":6,"passed_time":0.01646935037,"remaining_time":2.336294989},
{"learn":[12.32990573],"iteration":7,"passed_time":0.01976253217,"remaining_time":2.450553989},
{"learn":[12.0660619],"iteration":8,"passed_time":0.02146543291,"remaining_time":2.363582669},
{"learn":[11.77309809],"iteration":9,"passed_time":0.02377036171,"remaining_time":2.353265809},
{"learn":[11.49227636],"iteration":10,"passed_time":0.02569548159,"remaining_time":2.31025739},
{"learn":[11.26264833],"iteration":11,"passed_time":0.02770712917,"remaining_time":2.281220301},
{"learn":[11.04260393],"iteration":12,"passed_time":0.02979081834,"remaining_time":2.261810592},
{"learn":[10.79916926],"iteration":13,"passed_time":0.0328162192,"remaining_time":2.311199438},
{"learn":[10.5541002],"iteration":14,"passed_time":0.03519797106,"remaining_time":2.311333433},
{"learn":[10.31918115],"iteration":15,"passed_time":0.03703610543,"remaining_time":2.277720484},
{"learn":[10.10004441],"iteration":16,"passed_time":0.0394585765,"remaining_time":2.281634159},
{"learn":[9.894556723],"iteration":17,"passed_time":0.04212869865,"remaining_time":2.29835456},
{"learn":[9.690174082],"iteration":18,"passed_time":0.04427037113,"remaining_time":2.285749162},
{"learn":[9.506034866],"iteration":19,"passed_time":0.04663981372,"remaining_time":2.285350872},
{"learn":[9.338524633],"iteration":20,"passed_time":0.04996266722,"remaining_time":2.329211963},
{"learn":[9.170203312],"iteration":21,"passed_time":0.05202405859,"remaining_time":2.312705877},
{"learn":[9.010299969],"iteration":22,"passed_time":0.05351013838,"remaining_time":2.273017617},
{"learn":[8.843866678],"iteration":23,"passed_time":0.05575805728,"remaining_time":2.267494329},
{"learn":[8.690548059],"iteration":24,"passed_time":0.05758915111,"remaining_time":2.245976893},
{"learn":[8.555307687],"iteration":25,"passed_time":0.06013859463,"remaining_time":2.252884276},
{"learn":[8.413851302],"iteration":26,"passed_time":0.06278107301,"remaining_time":2.262443853},
{"learn":[8.29256019],"iteration":27,"passed_time":0.06558692493,"remaining_time":2.276803251},
{"learn":[8.162193833],"iteration":28,"passed_time":0.06734685168,"remaining_time":2.254958379},
{"learn":[8.040736294],"iteration":29,"passed_time":0.07017475362,"remaining_time":2.2689837},
{"learn":[7.921220278],"iteration":30,"passed_time":0.0720673638,"remaining_time":2.252686307},
{"learn":[7.809589039],"iteration":31,"passed_time":0.0749120748,"remaining_time":2.266090263},
{"learn":[7.699675801],"iteration":32,"passed_time":0.07848720028,"remaining_time":2.299912808},
{"learn":[7.60645267],"iteration":33,"passed_time":0.08127045826,"remaining_time":2.309037138},
{"learn":[7.498880302],"iteration":34,"passed_time":0.08464795593,"remaining_time":2.333865071},
{"learn":[7.401158744],"iteration":35,"passed_time":0.08793070804,"remaining_time":2.35458896},
{"learn":[7.306431077],"iteration":36,"passed_time":0.09005524199,"remaining_time":2.343870217},
{"learn":[7.223863468],"iteration":37,"passed_time":0.0948266291,"remaining_time":2.400610979},
{"learn":[7.143477682],"iteration":38,"passed_time":0.09773723399,"remaining_time":2.408345689},
{"learn":[7.062817131],"iteration":39,"passed_time":0.1014029397,"remaining_time":2.433670553},
{"learn":[6.990793435],"iteration":40,"passed_time":0.1038127987,"remaining_time":2.428206682},
{"learn":[6.931862224],"iteration":41,"passed_time":0.1069965005,"remaining_time":2.440539226},
{"learn":[6.858296558],"iteration":42,"passed_time":0.1097256527,"remaining_time":2.442033713},
{"learn":[6.786268161],"iteration":43,"passed_time":0.1125945294,"remaining_time":2.446372049},
{"learn":[6.717118549],"iteration":44,"passed_time":0.1148272961,"remaining_time":2.436890394},
{"learn":[6.652948106],"iteration":45,"passed_time":0.116784689,"remaining_time":2.422012897},
{"learn":[6.589686076],"iteration":46,"passed_time":0.1213233995,"remaining_time":2.460025525},
{"learn":[6.531283097],"iteration":47,"passed_time":0.1236432683,"remaining_time":2.452258154},
{"learn":[6.471368031],"iteration":48,"passed_time":0.1259343338,"remaining_time":2.444154111},
{"learn":[6.416481395],"iteration":49,"passed_time":0.1282355762,"remaining_time":2.436475948},
{"learn":[6.369870822],"iteration":50,"passed_time":0.1311516987,"remaining_time":2.440450237},
{"learn":[6.325678067],"iteration":51,"passed_time":0.134524061,"remaining_time":2.452477112},
{"learn":[6.275766122],"iteration":52,"passed_time":0.1372241638,"remaining_time":2.451911002},
{"learn":[6.224773967],"iteration":53,"passed_time":0.1401773013,"remaining_time":2.45569865},
{"learn":[6.182249254],"iteration":54,"passed_time":0.1423263616,"remaining_time":2.445425668},
{"learn":[6.139904173],"iteration":55,"passed_time":0.1449632073,"remaining_time":2.443665495},
{"learn":[6.100525536],"iteration":56,"passed_time":0.1487281167,"remaining_time":2.460537089},
{"learn":[6.062568564],"iteration":57,"passed_time":0.1520770783,"remaining_time":2.469941513},
{"learn":[6.030559288],"iteration":58,"passed_time":0.1545797305,"remaining_time":2.465415702},
{"learn":[5.997931376],"iteration":59,"passed_time":0.1566310444,"remaining_time":2.453886363},
{"learn":[5.964103835],"iteration":60,"passed_time":0.1586466267,"remaining_time":2.442117746},
{"learn":[5.933729724],"iteration":61,"passed_time":0.1605593951,"remaining_time":2.429108268},
{"learn":[5.901932711],"iteration":62,"passed_time":0.1637872597,"remaining_time":2.436010514},
{"learn":[5.873727795],"iteration":63,"passed_time":0.1669788149,"remaining_time":2.442065168},
{"learn":[5.846485734],"iteration":64,"passed_time":0.1690622441,"remaining_time":2.431895357},
{"learn":[5.820630862],"iteration":65,"passed_time":0.1713439316,"remaining_time":2.424776245},
{"learn":[5.793646238],"iteration":66,"passed_time":0.174065111,"remaining_time":2.42392162},
{"learn":[5.765388646],"iteration":67,"passed_time":0.176022795,"remaining_time":2.41254772},
{"learn":[5.747073912],"iteration":68,"passed_time":0.1790937405,"remaining_time":2.416467716},
{"learn":[5.722315217],"iteration":69,"passed_time":0.1816766527,"remaining_time":2.413704099},
{"learn":[5.699970599],"iteration":70,"passed_time":0.1842885448,"remaining_time":2.411324762},
{"learn":[5.682732647],"iteration":71,"passed_time":0.1872440042,"remaining_time":2.413367166},
{"learn":[5.663525791],"iteration":72,"passed_time":0.1893390454,"remaining_time":2.404346508},
{"learn":[5.642381613],"iteration":73,"passed_time":0.1920164664,"remaining_time":2.402800647},
{"learn":[5.621404779],"iteration":74,"passed_time":0.1944563455,"remaining_time":2.398294928},
{"learn":[5.602460129],"iteration":75,"passed_time":0.19701949,"remaining_time":2.395342221},
{"learn":[5.587337574],"iteration":76,"passed_time":0.1989177301,"remaining_time":2.384429414},
{"learn":[5.572393026],"iteration":77,"passed_time":0.2004728579,"remaining_time":2.369691987},
{"learn":[5.558425806],"iteration":78,"passed_time":0.2020138419,"remaining_time":2.355123397},
{"learn":[5.541518902],"iteration":79,"passed_time":0.2034288352,"remaining_time":2.339431604},
{"learn":[5.526157283],"iteration":80,"passed_time":0.2068243909,"remaining_time":2.346563151},
{"learn":[5.511746977],"iteration":81,"passed_time":0.2106827118,"remaining_time":2.358618652},
{"learn":[5.504975022],"iteration":82,"passed_time":0.2123958478,"remaining_time":2.34659027},
{"learn":[5.493980522],"iteration":83,"passed_time":0.2137367598,"remaining_time":2.330748476},
{"learn":[5.480745463],"iteration":84,"passed_time":0.2157189919,"remaining_time":2.322151501},
{"learn":[5.464052013],"iteration":85,"passed_time":0.218173022,"remaining_time":2.318722583},
{"learn":[5.449143727],"iteration":86,"passed_time":0.2211620712,"remaining_time":2.320930701},
{"learn":[5.438255432],"iteration":87,"passed_time":0.2242173504,"remaining_time":2.323707086},
{"learn":[5.425927931],"iteration":88,"passed_time":0.2268690479,"remaining_time":2.322221377},
{"learn":[5.412331217],"iteration":89,"passed_time":0.2288480535,"remaining_time":2.313908097},
{"learn":[5.400691499],"iteration":90,"passed_time":0.2313113938,"remaining_time":2.310572055},
{"learn":[5.391618744],"iteration":91,"passed_time":0.2333135907,"remaining_time":2.302703699},
{"learn":[5.380766572],"iteration":92,"passed_time":0.2349919706,"remaining_time":2.291803413},
{"learn":[5.372207183],"iteration":93,"passed_time":0.2368104046,"remaining_time":2.282449219},
{"learn":[5.362918837],"iteration":94,"passed_time":0.2391379868,"remaining_time":2.27810398},
{"learn":[5.348292324],"iteration":95,"passed_time":0.2419795048,"remaining_time":2.278640337},
{"learn":[5.339772295],"iteration":96,"passed_time":0.2438516451,"remaining_time":2.27008284},
{"learn":[5.331515983],"iteration":97,"passed_time":0.2460689961,"remaining_time":2.264839127},
{"learn":[5.323861644],"iteration":98,"passed_time":0.2477872891,"remaining_time":2.255114621},
{"learn":[5.313277281],"iteration":99,"passed_time":0.250050832,"remaining_time":2.250457488},
{"learn":[5.30685627],"iteration":100,"passed_time":0.2520452755,"remaining_time":2.243452501},
{"learn":[5.29652059],"iteration":101,"passed_time":0.2556764486,"remaining_time":2.2509554},
{"learn":[5.288350766],"iteration":102,"passed_time":0.2572891619,"remaining_time":2.240663866},
{"learn":[5.27993346],"iteration":103,"passed_time":0.2590517461,"remaining_time":2.231830428},
{"learn":[5.271789139],"iteration":104,"passed_time":0.2611084026,"remaining_time":2.225638289},
{"learn":[5.262684686],"iteration":105,"passed_time":0.2641977106,"remaining_time":2.228233521},
{"learn":[5.251619772],"iteration":106,"passed_time":0.2658687533,"remaining_time":2.218885951},
{"learn":[5.241012171],"iteration":107,"passed_time":0.2696899081,"remaining_time":2.227438871},
{"learn":[5.232684032],"iteration":108,"passed_time":0.2721691735,"remaining_time":2.224795721},
{"learn":[5.224267141],"iteration":109,"passed_time":0.2744044009,"remaining_time":2.220181062},
{"learn":[5.216324968],"iteration":110,"passed_time":0.2764406553,"remaining_time":2.214015699},
{"learn":[5.211102527],"iteration":111,"passed_time":0.2787956235,"remaining_time":2.210451015},
{"learn":[5.206364257],"iteration":112,"passed_time":0.2810201378,"remaining_time":2.205883737},
{"learn":[5.196937641],"iteration":113,"passed_time":0.2839878826,"remaining_time":2.207133895},
{"learn":[5.190746047],"iteration":114,"passed_time":0.2865769014,"remaining_time":2.205396154},
{"learn":[5.181885213],"iteration":115,"passed_time":0.2886807215,"remaining_time":2.199946188},
{"learn":[5.178293568],"iteration":116,"passed_time":0.2903179156,"remaining_time":2.19103179},
{"learn":[5.170991438],"iteration":117,"passed_time":0.2921103715,"remaining_time":2.183401251},
{"learn":[5.166257212],"iteration":118,"passed_time":0.2942788393,"remaining_time":2.178652584},
{"learn":[5.161421246],"iteration":119,"passed_time":0.2963941759,"remaining_time":2.17355729},
{"learn":[5.158223542],"iteration":120,"passed_time":0.3004578497,"remaining_time":2.182664875},
{"learn":[5.15470988],"iteration":121,"passed_time":0.3018346762,"remaining_time":2.172220047},
{"learn":[5.146388143],"iteration":122,"passed_time":0.3039280066,"remaining_time":2.167031397},
{"learn":[5.139529364],"iteration":123,"passed_time":0.3066002612,"remaining_time":2.16598249},
{"learn":[5.134276023],"iteration":124,"passed_time":0.3092502429,"remaining_time":2.1647517},
{"learn":[5.128536065],"iteration":125,"passed_time":0.3111983351,"remaining_time":2.158629721},
{"learn":[5.123300353],"iteration":126,"passed_time":0.3131734693,"remaining_time":2.15275936},
{"learn":[5.116200518],"iteration":127,"passed_time":0.3155203341,"remaining_time":2.149482276},
{"learn":[5.108728704],"iteration":128,"passed_time":0.3173143718,"remaining_time":2.14248696},
{"learn":[5.104075866],"iteration":129,"passed_time":0.3186253188,"remaining_time":2.132338672},
{"learn":[5.100317606],"iteration":130,"passed_time":0.3202250228,"remaining_time":2.1242408},
{"learn":[5.095814182],"iteration":131,"passed_time":0.3230524169,"remaining_time":2.124314378},
{"learn":[5.092146915],"iteration":132,"passed_time":0.3263376925,"remaining_time":2.127329169},
{"learn":[5.085258329],"iteration":133,"passed_time":0.3291309252,"remaining_time":2.127070009},
{"learn":[5.079219421],"iteration":134,"passed_time":0.3317341172,"remaining_time":2.12555564},
{"learn":[5.076476829],"iteration":135,"passed_time":0.3333983139,"remaining_time":2.118059877},
{"learn":[5.072133867],"iteration":136,"passed_time":0.335620547,"remaining_time":2.114164467},
{"learn":[5.067031564],"iteration":137,"passed_time":0.3379429826,"remaining_time":2.11091921},
{"learn":[5.061358312],"iteration":138,"passed_time":0.3400647719,"remaining_time":2.106444379},
{"learn":[5.056759124],"iteration":139,"passed_time":0.3425572422,"remaining_time":2.104280202},
{"learn":[5.050254],"iteration":140,"passed_time":0.3449148606,"remaining_time":2.101289824},
{"learn":[5.048376474],"iteration":141,"passed_time":0.3462673147,"remaining_time":2.092234901},
{"learn":[5.042603751],"iteration":142,"passed_time":0.3480031657,"remaining_time":2.085585406},
{"learn":[5.037477349],"iteration":143,"passed_time":0.3496783493,"remaining_time":2.078643521},
{"learn":[5.03230489],"iteration":144,"passed_time":0.3513715377,"remaining_time":2.071880446},
{"learn":[5.025976187],"iteration":145,"passed_time":0.3540883089,"remaining_time":2.071174081},
{"learn":[5.01952451],"iteration":146,"passed_time":0.3578482718,"remaining_time":2.076493713},
{"learn":[5.017569424],"iteration":147,"passed_time":0.3614219722,"remaining_time":2.08061838},
{"learn":[5.008962367],"iteration":148,"passed_time":0.3639400394,"remaining_time":2.078610561},
{"learn":[5.003880266],"iteration":149,"passed_time":0.3659191567,"remaining_time":2.073541888},
{"learn":[4.996387564],"iteration":150,"passed_time":0.3677618342,"remaining_time":2.067747002},
{"learn":[4.993361683],"iteration":151,"passed_time":0.3696005047,"remaining_time":2.061981763},
{"learn":[4.99005752],"iteration":152,"passed_time":0.3715866693,"remaining_time":2.057084372},
{"learn":[4.986908764],"iteration":153,"passed_time":0.3748846809,"remaining_time":2.059431429},
{"learn":[4.985207175],"iteration":154,"passed_time":0.3772056131,"remaining_time":2.056378988},
{"learn":[4.979003494],"iteration":155,"passed_time":0.3793077165,"remaining_time":2.052152005},
{"learn":[4.973142217],"iteration":156,"passed_time":0.3810928818,"remaining_time":2.046250314},
{"learn":[4.967056696],"iteration":157,"passed_time":0.3827679832,"remaining_time":2.039814189},
{"learn":[4.961460696],"iteration":158,"passed_time":0.3847356941,"remaining_time":2.034985653},
{"learn":[4.954240363],"iteration":159,"passed_time":0.386678657,"remaining_time":2.030062949},
{"learn":[4.952320707],"iteration":160,"passed_time":0.3894055485,"remaining_time":2.029262455},
{"learn":[4.948337777],"iteration":161,"passed_time":0.3915711895,"remaining_time":2.025534918},
{"learn":[4.943228639],"iteration":162,"passed_time":0.3933941121,"remaining_time":2.020066698},
{"learn":[4.938545759],"iteration":163,"passed_time":0.3949761537,"remaining_time":2.013415027},
{"learn":[4.935330572],"iteration":164,"passed_time":0.3967832457,"remaining_time":2.007963698},
{"learn":[4.932051543],"iteration":165,"passed_time":0.3995802591,"remaining_time":2.007529736},
{"learn":[4.928964153],"iteration":166,"passed_time":0.4016878268,"remaining_time":2.003628501},
{"learn":[4.922860227],"iteration":167,"passed_time":0.4040241713,"remaining_time":2.00088161},
{"learn":[4.917668772],"iteration":168,"passed_time":0.4069885748,"remaining_time":2.001227844},
{"learn":[4.910365386],"iteration":169,"passed_time":0.4084062471,"remaining_time":1.993983442},
{"learn":[4.906457206],"iteration":170,"passed_time":0.4104136766,"remaining_time":1.989666303},
{"learn":[4.901996508],"iteration":171,"passed_time":0.4122293765,"remaining_time":1.984453045},
{"learn":[4.896816173],"iteration":172,"passed_time":0.4146713563,"remaining_time":1.9822729},
{"learn":[4.891123132],"iteration":173,"passed_time":0.4198485593,"remaining_time":1.993074195},
{"learn":[4.887630202],"iteration":174,"passed_time":0.4223697356,"remaining_time":1.991171611},
{"learn":[4.885259712],"iteration":175,"passed_time":0.4250544144,"remaining_time":1.990027486},
{"learn":[4.880659728],"iteration":176,"passed_time":0.4270334256,"remaining_time":1.985584798},
{"learn":[4.877299723],"iteration":177,"passed_time":0.4293033373,"remaining_time":1.982513164},
{"learn":[4.874038772],"iteration":178,"passed_time":0.4311186572,"remaining_time":1.977365461},
{"learn":[4.86943698],"iteration":179,"passed_time":0.4346179924,"remaining_time":1.97992641},
{"learn":[4.861268711],"iteration":180,"passed_time":0.4371395594,"remaining_time":1.977996128},
{"learn":[4.858673056],"iteration":181,"passed_time":0.4398590659,"remaining_time":1.976948988},
{"learn":[4.854036207],"iteration":182,"passed_time":0.4419184904,"remaining_time":1.972936648},
{"learn":[4.85130244],"iteration":183,"passed_time":0.4440208788,"remaining_time":1.969136071},
{"learn":[4.847510084],"iteration":184,"passed_time":0.4462272751,"remaining_time":1.96581205},
{"learn":[4.845691673],"iteration":185,"passed_time":0.4485185028,"remaining_time":1.962871297},
{"learn":[4.842058646],"iteration":186,"passed_time":0.4506530753,"remaining_time":1.959256418},
{"learn":[4.838623675],"iteration":187,"passed_time":0.4522620017,"remaining_time":1.953386943},
{"learn":[4.834602161],"iteration":188,"passed_time":0.4541830085,"remaining_time":1.948901692},
{"learn":[4.830858976],"iteration":189,"passed_time":0.4559827155,"remaining_time":1.943926313},
{"learn":[4.827590511],"iteration":190,"passed_time":0.4578038913,"remaining_time":1.939075121},
{"learn":[4.822246226],"iteration":191,"passed_time":0.4601068355,"remaining_time":1.936282933},
{"learn":[4.816686395],"iteration":192,"passed_time":0.4627920899,"remaining_time":1.935094386},
{"learn":[4.814797121],"iteration":193,"passed_time":0.4648756069,"remaining_time":1.931390408},
{"learn":[4.811639392],"iteration":194,"passed_time":0.4667768672,"remaining_time":1.926950657},
{"learn":[4.804813432],"iteration":195,"passed_time":0.4689016517,"remaining_time":1.923453714},
{"learn":[4.80251613],"iteration":196,"passed_time":0.4707784973,"remaining_time":1.918960068},
{"learn":[4.800087884],"iteration":197,"passed_time":0.4726176934,"remaining_time":1.914340354},
{"learn":[4.794773135],"iteration":198,"passed_time":0.4746399402,"remaining_time":1.910485387},
{"learn":[4.791664833],"iteration":199,"passed_time":0.4763613795,"remaining_time":1.905445518},
{"learn":[4.785989873],"iteration":200,"passed_time":0.4790401151,"remaining_time":1.90424404},
{"learn":[4.782387142],"iteration":201,"passed_time":0.4815098698,"remaining_time":1.902202357},
{"learn":[4.778623704],"iteration":202,"passed_time":0.4836816373,"remaining_time":1.898986527},
{"learn":[4.775772178],"iteration":203,"passed_time":0.4856254103,"remaining_time":1.894891307},
{"learn":[4.77023101],"iteration":204,"passed_time":0.4876656217,"remaining_time":1.89119107},
{"learn":[4.764496689],"iteration":205,"passed_time":0.4899425406,"remaining_time":1.888419307},
{"learn":[4.763138716],"iteration":206,"passed_time":0.4918511681,"remaining_time":1.884241432},
{"learn":[4.758053283],"iteration":207,"passed_time":0.4953434223,"remaining_time":1.886115339},
{"learn":[4.755063788],"iteration":208,"passed_time":0.4975650248,"remaining_time":1.883128874},
{"learn":[4.752465267],"iteration":209,"passed_time":0.4991627836,"remaining_time":1.877802853},
{"learn":[4.748067377],"iteration":210,"passed_time":0.5007999182,"remaining_time":1.87265941},
{"learn":[4.744163298],"iteration":211,"passed_time":0.5026759805,"remaining_time":1.868437135},
{"learn":[4.736670896],"iteration":212,"passed_time":0.5053492101,"remaining_time":1.867182293},
{"learn":[4.73349255],"iteration":213,"passed_time":0.5077538065,"remaining_time":1.864927532},
{"learn":[4.731864595],"iteration":214,"passed_time":0.5099057075,"remaining_time":1.861748746},
{"learn":[4.728398311],"iteration":215,"passed_time":0.5116126708,"remaining_time":1.856964509},
{"learn":[4.723865975],"iteration":216,"passed_time":0.5134340878,"remaining_time":1.852621616},
{"learn":[4.723483365],"iteration":217,"passed_time":0.5149290799,"remaining_time":1.84713092},
{"learn":[4.72095416],"iteration":218,"passed_time":0.5163944881,"remaining_time":1.841571211},
{"learn":[4.716173382],"iteration":219,"passed_time":0.5178058861,"remaining_time":1.835857233},
{"learn":[4.710563974],"iteration":220,"passed_time":0.5191751176,"remaining_time":1.830033559},
{"learn":[4.707160263],"iteration":221,"passed_time":0.5213093117,"remaining_time":1.826930831},
{"learn":[4.70408351],"iteration":222,"passed_time":0.5248269828,"remaining_time":1.828657245},
{"learn":[4.702501831],"iteration":223,"passed_time":0.5267002148,"remaining_time":1.82464003},
{"learn":[4.700269738],"iteration":224,"passed_time":0.5286382674,"remaining_time":1.820865143},
{"learn":[4.695346302],"iteration":225,"passed_time":0.5302428145,"remaining_time":1.815964329},
{"learn":[4.689769299],"iteration":226,"passed_time":0.532042771,"remaining_time":1.811757982},
{"learn":[4.687919514],"iteration":227,"passed_time":0.5339973659,"remaining_time":1.808096344},
{"learn":[4.682982074],"iteration":228,"passed_time":0.5356810296,"remaining_time":1.80353744},
{"learn":[4.679578702],"iteration":229,"passed_time":0.5442736393,"remaining_time":1.822133488},
{"learn":[4.675751423],"iteration":230,"passed_time":0.5458911407,"remaining_time":1.817273971},
{"learn":[4.672710726],"iteration":231,"passed_time":0.5475245723,"remaining_time":1.812495136},
{"learn":[4.6690533],"iteration":232,"passed_time":0.549174824,"remaining_time":1.80779867},
{"learn":[4.667595702],"iteration":233,"passed_time":0.5511586945,"remaining_time":1.804220342},
{"learn":[4.664241291],"iteration":234,"passed_time":0.5533455799,"remaining_time":1.801316462},
{"learn":[4.662246999],"iteration":235,"passed_time":0.5567512158,"remaining_time":1.802364105},
{"learn":[4.658668443],"iteration":236,"passed_time":0.559087173,"remaining_time":1.799930435},
{"learn":[4.658017572],"iteration":237,"passed_time":0.5607667159,"remaining_time":1.795395956},
{"learn":[4.657656705],"iteration":238,"passed_time":0.5625016624,"remaining_time":1.791061779},
{"learn":[4.653242871],"iteration":239,"passed_time":0.5644220158,"remaining_time":1.787336383},
{"learn":[4.6507302],"iteration":240,"passed_time":0.5661487339,"remaining_time":1.783016137},
{"learn":[4.647671336],"iteration":241,"passed_time":0.5690363726,"remaining_time":1.782353597},
{"learn":[4.645506007],"iteration":242,"passed_time":0.5722805474,"remaining_time":1.782783434},
{"learn":[4.641297906],"iteration":243,"passed_time":0.5742121305,"remaining_time":1.779116273},
{"learn":[4.63798107],"iteration":244,"passed_time":0.5758583975,"remaining_time":1.774584041},
{"learn":[4.635062318],"iteration":245,"passed_time":0.5776922938,"remaining_time":1.770650364},
{"learn":[4.631606017],"iteration":246,"passed_time":0.5794741822,"remaining_time":1.766575138},
{"learn":[4.630215494],"iteration":247,"passed_time":0.5813977281,"remaining_time":1.76294795},
{"learn":[4.62729814],"iteration":248,"passed_time":0.5841287443,"remaining_time":1.761769827},
{"learn":[4.624691756],"iteration":249,"passed_time":0.5877023108,"remaining_time":1.763106932},
{"learn":[4.621840053],"iteration":250,"passed_time":0.5891582083,"remaining_time":1.758085649},
{"learn":[4.619602091],"iteration":251,"passed_time":0.590675351,"remaining_time":1.753274454},
{"learn":[4.613584029],"iteration":252,"passed_time":0.5924657289,"remaining_time":1.749296045},
{"learn":[4.6119388],"iteration":253,"passed_time":0.5944268971,"remaining_time":1.745836477},
{"learn":[4.60870702],"iteration":254,"passed_time":0.5966692889,"remaining_time":1.743210275},
{"learn":[4.604771557],"iteration":255,"passed_time":0.5998880312,"remaining_time":1.743424591},
{"learn":[4.604231277],"iteration":256,"passed_time":0.6015403636,"remaining_time":1.739083619},
{"learn":[4.600750354],"iteration":257,"passed_time":0.6035923937,"remaining_time":1.735913008},
{"learn":[4.596488253],"iteration":258,"passed_time":0.6056362837,"remaining_time":1.732727746},
{"learn":[4.59470784],"iteration":259,"passed_time":0.6074125017,"remaining_time":1.728789428},
{"learn":[4.588818005],"iteration":260,"passed_time":0.6090876781,"remaining_time":1.724581587},
{"learn":[4.585054174],"iteration":261,"passed_time":0.6106369672,"remaining_time":1.72003848},
{"learn":[4.581471435],"iteration":262,"passed_time":0.6149817263,"remaining_time":1.723351834},
{"learn":[4.577555199],"iteration":263,"passed_time":0.616432585,"remaining_time":1.718539328},
{"learn":[4.57457145],"iteration":264,"passed_time":0.6186440278,"remaining_time":1.715861738},
{"learn":[4.573029224],"iteration":265,"passed_time":0.6203886067,"remaining_time":1.711899389},
{"learn":[4.571326203],"iteration":266,"passed_time":0.6225454343,"remaining_time":1.709085406},
{"learn":[4.571019224],"iteration":267,"passed_time":0.624673194,"remaining_time":1.706196933},
{"learn":[4.565766631],"iteration":268,"passed_time":0.6267579588,"remaining_time":1.703197278},
{"learn":[4.563383471],"iteration":269,"passed_time":0.6308711342,"remaining_time":1.705688622},
{"learn":[4.558165805],"iteration":270,"passed_time":0.6326048817,"remaining_time":1.701730475},
{"learn":[4.55629209],"iteration":271,"passed_time":0.634499227,"remaining_time":1.698218519},
{"learn":[4.549383848],"iteration":272,"passed_time":0.6365114018,"remaining_time":1.695032195},
{"learn":[4.546227503],"iteration":273,"passed_time":0.6382621896,"remaining_time":1.69116186},
{"learn":[4.540620977],"iteration":274,"passed_time":0.6400685715,"remaining_time":1.687453507},
{"learn":[4.532898237],"iteration":275,"passed_time":0.6423005764,"remaining_time":1.684875425},
{"learn":[4.529757367],"iteration":276,"passed_time":0.644989905,"remaining_time":1.683493507},
{"learn":[4.52579294],"iteration":277,"passed_time":0.6466254445,"remaining_time":1.679365363},
{"learn":[4.521572155],"iteration":278,"passed_time":0.6495759275,"remaining_time":1.678653203},
{"learn":[4.518818099],"iteration":279,"passed_time":0.6516161144,"remaining_time":1.675584294},
{"learn":[4.514012334],"iteration":280,"passed_time":0.653468866,"remaining_time":1.672043113},
{"learn":[4.508331416],"iteration":281,"passed_time":0.6550544495,"remaining_time":1.667833669},
{"learn":[4.506038537],"iteration":282,"passed_time":0.6564460849,"remaining_time":1.663151388},
{"learn":[4.505805643],"iteration":283,"passed_time":0.6592309597,"remaining_time":1.662004814},
{"learn":[4.501550352],"iteration":284,"passed_time":0.6619968269,"remaining_time":1.660799057},
{"learn":[4.494692643],"iteration":285,"passed_time":0.6636507872,"remaining_time":1.656806511},
{"learn":[4.489330245],"iteration":286,"passed_time":0.6652397232,"remaining_time":1.65266872},
{"learn":[4.484826955],"iteration":287,"passed_time":0.6669590185,"remaining_time":1.648870907},
{"learn":[4.478285428],"iteration":288,"passed_time":0.6689616037,"remaining_time":1.64578443},
{"learn":[4.475311671],"iteration":289,"passed_time":0.6706865106,"remaining_time":1.642025595},
{"learn":[4.471581298],"iteration":290,"passed_time":0.6737984192,"remaining_time":1.641660066},
{"learn":[4.469164956],"iteration":291,"passed_time":0.6758778047,"remaining_time":1.638772211},
{"learn":[4.462068024],"iteration":292,"passed_time":0.6781729338,"remaining_time":1.636410458},
{"learn":[4.458540976],"iteration":293,"passed_time":0.6797292256,"remaining_time":1.632274943},
{"learn":[4.455757458],"iteration":294,"passed_time":0.6823262694,"remaining_time":1.630644135},
{"learn":[4.453027414],"iteration":295,"passed_time":0.6841275416,"remaining_time":1.627114153},
{"learn":[4.450659338],"iteration":296,"passed_time":0.6857696754,"remaining_time":1.623219131},
{"learn":[4.444696901],"iteration":297,"passed_time":0.6880902904,"remaining_time":1.62093753},
{"learn":[4.442052813],"iteration":298,"passed_time":0.690022497,"remaining_time":1.617745051},
{"learn":[4.440036756],"iteration":299,"passed_time":0.6914013864,"remaining_time":1.613269902},
{"learn":[4.435017051],"iteration":300,"passed_time":0.6930246544,"remaining_time":1.609382835},
{"learn":[4.429962125],"iteration":301,"passed_time":0.6949497743,"remaining_time":1.606208419},
{"learn":[4.427666256],"iteration":302,"passed_time":0.6967053346,"remaining_time":1.602652205},
{"learn":[4.425030004],"iteration":303,"passed_time":0.6984262206,"remaining_time":1.599028452},
{"learn":[4.422588771],"iteration":304,"passed_time":0.7000191813,"remaining_time":1.595125675},
{"learn":[4.418936667],"iteration":305,"passed_time":0.7014991817,"remaining_time":1.590981804},
{"learn":[4.416887976],"iteration":306,"passed_time":0.7047669038,"remaining_time":1.590890763},
{"learn":[4.413773354],"iteration":307,"passed_time":0.7069380791,"remaining_time":1.588315424},
{"learn":[4.411129391],"iteration":308,"passed_time":0.7089671335,"remaining_time":1.585424884},
{"learn":[4.40850819],"iteration":309,"passed_time":0.7107059809,"remaining_time":1.581893958},
{"learn":[4.404880292],"iteration":310,"passed_time":0.7126787389,"remaining_time":1.578892769},
{"learn":[4.404593827],"iteration":311,"passed_time":0.7146439512,"remaining_time":1.575881533},
{"learn":[4.402139942],"iteration":312,"passed_time":0.717652073,"remaining_time":1.575166052},
{"learn":[4.400284725],"iteration":313,"passed_time":0.7200021547,"remaining_time":1.572998338},
{"learn":[4.395805521],"iteration":314,"passed_time":0.7221835335,"remaining_time":1.570462605},
{"learn":[4.392838833],"iteration":315,"passed_time":0.7239964876,"remaining_time":1.567131638},
{"learn":[4.389213061],"iteration":316,"passed_time":0.7258293422,"remaining_time":1.563853125},
{"learn":[4.3861981],"iteration":317,"passed_time":0.7274606152,"remaining_time":1.560151382},
{"learn":[4.385054234],"iteration":318,"passed_time":0.7294867984,"remaining_time":1.557305673},
{"learn":[4.379364607],"iteration":319,"passed_time":0.7312968456,"remaining_time":1.554005797},
{"learn":[4.378387619],"iteration":320,"passed_time":0.7354074429,"remaining_time":1.555581476},
{"learn":[4.375816727],"iteration":321,"passed_time":0.7377566684,"remaining_time":1.553413109},
{"learn":[4.374600202],"iteration":322,"passed_time":0.739446726,"remaining_time":1.549862023},
{"learn":[4.37098897],"iteration":323,"passed_time":0.7421613487,"remaining_time":1.548460098},
{"learn":[4.367418484],"iteration":324,"passed_time":0.7439563237,"remaining_time":1.545140057},
{"learn":[4.363584638],"iteration":325,"passed_time":0.7455544209,"remaining_time":1.54142233},
{"learn":[4.360770706],"iteration":326,"passed_time":0.7484861574,"remaining_time":1.540462336},
{"learn":[4.358675808],"iteration":327,"passed_time":0.7502194716,"remaining_time":1.537035015},
{"learn":[4.354228195],"iteration":328,"passed_time":0.7525090748,"remaining_time":1.534752551},
{"learn":[4.353773425],"iteration":329,"passed_time":0.7541816154,"remaining_time":1.531217219},
{"learn":[4.351648009],"iteration":330,"passed_time":0.756437266,"remaining_time":1.528871695},
{"learn":[4.348209927],"iteration":331,"passed_time":0.7606886202,"remaining_time":1.530542164},
{"learn":[4.345852733],"iteration":332,"passed_time":0.7672231415,"remaining_time":1.536750256},
{"learn":[4.34237339],"iteration":333,"passed_time":0.7690551243,"remaining_time":1.533505128},
{"learn":[4.340814362],"iteration":334,"passed_time":0.7718342725,"remaining_time":1.532148631},
{"learn":[4.339707068],"iteration":335,"passed_time":0.8130894775,"remaining_time":1.606819682},
{"learn":[4.335430786],"iteration":336,"passed_time":0.8209864947,"remaining_time":1.615175211},
{"learn":[4.33521887],"iteration":337,"passed_time":0.8228257203,"remaining_time":1.611569902},
{"learn":[4.328507238],"iteration":338,"passed_time":0.8253473028,"remaining_time":1.609305508},
{"learn":[4.326140732],"iteration":339,"passed_time":0.8321648007,"remaining_time":1.615378731},
{"learn":[4.323785636],"iteration":340,"passed_time":0.8340674094,"remaining_time":1.611878073},
{"learn":[4.320632534],"iteration":341,"passed_time":0.8360299432,"remaining_time":1.608502055},
{"learn":[4.31973724],"iteration":342,"passed_time":0.8374853729,"remaining_time":1.604162945},
{"learn":[4.318000924],"iteration":343,"passed_time":0.8474035624,"remaining_time":1.615978886},
{"learn":[4.312713628],"iteration":344,"passed_time":0.8501186296,"remaining_time":1.61399334},
{"learn":[4.308220789],"iteration":345,"passed_time":0.8533488822,"remaining_time":1.612977367},
{"learn":[4.305890947],"iteration":346,"passed_time":0.8550990004,"remaining_time":1.609163249},
{"learn":[4.305137856],"iteration":347,"passed_time":0.857060523,"remaining_time":1.605757072},
{"learn":[4.304787172],"iteration":348,"passed_time":0.8665068644,"remaining_time":1.616320827},
{"learn":[4.30350134],"iteration":349,"passed_time":0.8690899093,"remaining_time":1.614024117},
{"learn":[4.30293809],"iteration":350,"passed_time":0.8709347536,"remaining_time":1.610360841},
{"learn":[4.299548459],"iteration":351,"passed_time":0.8727517703,"remaining_time":1.606656668},
{"learn":[4.294768408],"iteration":352,"passed_time":0.8793557652,"remaining_time":1.611737054},
{"learn":[4.294581479],"iteration":353,"passed_time":0.883867092,"remaining_time":1.612932603},
{"learn":[4.292551604],"iteration":354,"passed_time":0.8866662929,"remaining_time":1.610985236},
{"learn":[4.288628894],"iteration":355,"passed_time":0.8895307742,"remaining_time":1.609151176},
{"learn":[4.287802767],"iteration":356,"passed_time":0.8927765674,"remaining_time":1.607998131},
{"learn":[4.284566905],"iteration":357,"passed_time":0.8959246599,"remaining_time":1.606658189},
{"learn":[4.27890232],"iteration":358,"passed_time":0.897747992,"remaining_time":1.602942793},
{"learn":[4.276938023],"iteration":359,"passed_time":0.899399136,"remaining_time":1.598931797},
{"learn":[4.273425094],"iteration":360,"passed_time":0.9011309673,"remaining_time":1.595076698},
{"learn":[4.269726505],"iteration":361,"passed_time":0.9027731779,"remaining_time":1.59107538},
{"learn":[4.265565857],"iteration":362,"passed_time":0.9067786183,"remaining_time":1.591234104},
{"learn":[4.262117173],"iteration":363,"passed_time":0.9087693304,"remaining_time":1.587849709},
{"learn":[4.259185148],"iteration":364,"passed_time":0.9112160611,"remaining_time":1.585266298},
{"learn":[4.257668507],"iteration":365,"passed_time":0.9133406256,"remaining_time":1.582125565},
{"learn":[4.253432436],"iteration":366,"passed_time":0.9152325874,"remaining_time":1.578589177},
{"learn":[4.250216667],"iteration":367,"passed_time":0.9171128872,"remaining_time":1.575041698},
{"learn":[4.24514828],"iteration":368,"passed_time":0.9209133976,"remaining_time":1.574786867},
{"learn":[4.244015772],"iteration":369,"passed_time":0.9230920218,"remaining_time":1.57175128},
{"learn":[4.240329192],"iteration":370,"passed_time":0.9246525951,"remaining_time":1.567672459},
{"learn":[4.236718014],"iteration":371,"passed_time":0.9265089603,"remaining_time":1.564106524},
{"learn":[4.233495944],"iteration":372,"passed_time":0.9289540975,"remaining_time":1.561539461},
{"learn":[4.230357491],"iteration":373,"passed_time":0.9312241353,"remaining_time":1.55867997},
{"learn":[4.227381215],"iteration":374,"passed_time":0.9341473973,"remaining_time":1.556912329},
{"learn":[4.226169067],"iteration":375,"passed_time":0.9371883377,"remaining_time":1.555333837},
{"learn":[4.225963861],"iteration":376,"passed_time":0.9391125025,"remaining_time":1.551902093},
{"learn":[4.224346548],"iteration":377,"passed_time":0.9412690533,"remaining_time":1.548860717},
{"learn":[4.222595381],"iteration":378,"passed_time":0.943864092,"remaining_time":1.546542483},
{"learn":[4.219700938],"iteration":379,"passed_time":0.9456037166,"remaining_time":1.542827117},
{"learn":[4.216356207],"iteration":380,"passed_time":0.947422709,"remaining_time":1.539251068},
{"learn":[4.214326494],"iteration":381,"passed_time":0.9495778397,"remaining_time":1.536228023},
{"learn":[4.212901398],"iteration":382,"passed_time":0.9521884423,"remaining_time":1.533943261},
{"learn":[4.211331091],"iteration":383,"passed_time":0.9541495427,"remaining_time":1.530614891},
{"learn":[4.208624791],"iteration":384,"passed_time":0.9558774976,"remaining_time":1.526921197},
{"learn":[4.204659106],"iteration":385,"passed_time":0.9577601737,"remaining_time":1.5234838},
{"learn":[4.202968852],"iteration":386,"passed_time":0.9594634183,"remaining_time":1.519770221},
{"learn":[4.197261935],"iteration":387,"passed_time":0.961756374,"remaining_time":1.516997167},
{"learn":[4.196934403],"iteration":388,"passed_time":0.9643572386,"remaining_time":1.514710213},
{"learn":[4.192479929],"iteration":389,"passed_time":0.9667741298,"remaining_time":1.512133895},
{"learn":[4.190243116],"iteration":390,"passed_time":0.9685752164,"remaining_time":1.50859925},
{"learn":[4.185852431],"iteration":391,"passed_time":0.9706825629,"remaining_time":1.505548465},
{"learn":[4.180967944],"iteration":392,"passed_time":0.9725315787,"remaining_time":1.502103482},
{"learn":[4.178283162],"iteration":393,"passed_time":0.9743314801,"remaining_time":1.498591058},
{"learn":[4.176341157],"iteration":394,"passed_time":0.9759702838,"remaining_time":1.494840561},
{"learn":[4.176041504],"iteration":395,"passed_time":0.977550723,"remaining_time":1.491011709},
{"learn":[4.175564513],"iteration":396,"passed_time":0.9803013451,"remaining_time":1.488971565},
{"learn":[4.170830274],"iteration":397,"passed_time":0.9822305225,"remaining_time":1.485685363},
{"learn":[4.167804808],"iteration":398,"passed_time":0.9838286298,"remaining_time":1.481907284},
{"learn":[4.165860548],"iteration":399,"passed_time":0.9852101605,"remaining_time":1.477815241},
{"learn":[4.160950571],"iteration":400,"passed_time":0.9870223201,"remaining_time":1.474379974},
{"learn":[4.158544115],"iteration":401,"passed_time":0.9892372398,"remaining_time":1.471551914},
{"learn":[4.154448767],"iteration":402,"passed_time":0.9909930762,"remaining_time":1.468046815},
{"learn":[4.15197457],"iteration":403,"passed_time":0.9927757375,"remaining_time":1.464589949},
{"learn":[4.149562679],"iteration":404,"passed_time":0.9950219624,"remaining_time":1.461822389},
{"learn":[4.149327961],"iteration":405,"passed_time":0.9970656085,"remaining_time":1.458761013},
{"learn":[4.147444889],"iteration":406,"passed_time":0.9987475665,"remaining_time":1.455177658},
{"learn":[4.147254809],"iteration":407,"passed_time":1.000527715,"remaining_time":1.451746096},
{"learn":[4.144589165],"iteration":408,"passed_time":1.00225372,"remaining_time":1.448244373},
{"learn":[4.141691034],"iteration":409,"passed_time":1.003751477,"remaining_time":1.444422858},
{"learn":[4.138893468],"iteration":410,"passed_time":1.005548608,"remaining_time":1.441041679},
{"learn":[4.136964597],"iteration":411,"passed_time":1.007549975,"remaining_time":1.437959673},
{"learn":[4.133773523],"iteration":412,"passed_time":1.01096832,"remaining_time":1.436896861},
{"learn":[4.131363444],"iteration":413,"passed_time":1.014118799,"remaining_time":1.435443518},
{"learn":[4.130228592],"iteration":414,"passed_time":1.016479645,"remaining_time":1.432868897},
{"learn":[4.12884186],"iteration":415,"passed_time":1.01903431,"remaining_time":1.430567396},
{"learn":[4.12413494],"iteration":416,"passed_time":1.021706812,"remaining_time":1.428429427},
{"learn":[4.119422508],"iteration":417,"passed_time":1.026970945,"remaining_time":1.429897344},
{"learn":[4.117038244],"iteration":418,"passed_time":1.028775632,"remaining_time":1.426536139},
{"learn":[4.116067631],"iteration":419,"passed_time":1.030780947,"remaining_time":1.423459403},
{"learn":[4.110343455],"iteration":420,"passed_time":1.070175258,"remaining_time":1.471808728},
{"learn":[4.105604544],"iteration":421,"passed_time":1.077115581,"remaining_time":1.475291009},
{"learn":[4.103390131],"iteration":422,"passed_time":1.079954434,"remaining_time":1.473129334},
{"learn":[4.096724402],"iteration":423,"passed_time":1.08235845,"remaining_time":1.470373744},
{"learn":[4.093431279],"iteration":424,"passed_time":1.084675752,"remaining_time":1.467502487},
{"learn":[4.091412744],"iteration":425,"passed_time":1.087604573,"remaining_time":1.465457806},
{"learn":[4.091192901],"iteration":426,"passed_time":1.090781184,"remaining_time":1.463741495},
{"learn":[4.088994581],"iteration":427,"passed_time":1.092919219,"remaining_time":1.460630358},
{"learn":[4.087845355],"iteration":428,"passed_time":1.095034509,"remaining_time":1.457493484},
{"learn":[4.083650279],"iteration":429,"passed_time":1.098072008,"remaining_time":1.455583825},
{"learn":[4.079840652],"iteration":430,"passed_time":1.099838411,"remaining_time":1.451990849},
{"learn":[4.075707828],"iteration":431,"passed_time":1.101363885,"remaining_time":1.448089553},
{"learn":[4.071345409],"iteration":432,"passed_time":1.104941025,"remaining_time":1.446885822},
{"learn":[4.067460475],"iteration":433,"passed_time":1.106976029,"remaining_time":1.443659983},
{"learn":[4.064914749],"iteration":434,"passed_time":1.109426707,"remaining_time":1.440979516},
{"learn":[4.063823175],"iteration":435,"passed_time":1.111728376,"remaining_time":1.438107349},
{"learn":[4.058898471],"iteration":436,"passed_time":1.114075106,"remaining_time":1.435295846},
{"learn":[4.054120355],"iteration":437,"passed_time":1.116117161,"remaining_time":1.432095535},
{"learn":[4.052715901],"iteration":438,"passed_time":1.11823273,"remaining_time":1.428994445},
{"learn":[4.052114167],"iteration":439,"passed_time":1.120362448,"remaining_time":1.425915843},
{"learn":[4.051377267],"iteration":440,"passed_time":1.12280304,"remaining_time":1.423235599},
{"learn":[4.049275336],"iteration":441,"passed_time":1.125041547,"remaining_time":1.420301319},
{"learn":[4.047099198],"iteration":442,"passed_time":1.12890338,"remaining_time":1.419411248},
{"learn":[4.044348685],"iteration":443,"passed_time":1.131265141,"remaining_time":1.416629321},
{"learn":[4.042822379],"iteration":444,"passed_time":1.134589333,"remaining_time":1.415049618},
{"learn":[4.041258611],"iteration":445,"passed_time":1.137913548,"remaining_time":1.41346212},
{"learn":[4.040044254],"iteration":446,"passed_time":1.14433083,"remaining_time":1.415693398},
{"learn":[4.036860137],"iteration":447,"passed_time":1.146639913,"remaining_time":1.412824178},
{"learn":[4.036372284],"iteration":448,"passed_time":1.150119176,"remaining_time":1.411393465},
{"learn":[4.03368231],"iteration":449,"passed_time":1.152323736,"remaining_time":1.408395678},
{"learn":[4.032439519],"iteration":450,"passed_time":1.154320875,"remaining_time":1.405148914},
{"learn":[4.032008634],"iteration":451,"passed_time":1.155900967,"remaining_time":1.401402057},
{"learn":[4.030034932],"iteration":452,"passed_time":1.158454222,"remaining_time":1.398839866},
{"learn":[4.028173412],"iteration":453,"passed_time":1.160587974,"remaining_time":1.395773202},
{"learn":[4.023806097],"iteration":454,"passed_time":1.162175434,"remaining_time":1.39205629},
{"learn":[4.020239186],"iteration":455,"passed_time":1.164566469,"remaining_time":1.389307367},
{"learn":[4.017384838],"iteration":456,"passed_time":1.167577267,"remaining_time":1.387296402},
{"learn":[4.016468229],"iteration":457,"passed_time":1.169122693,"remaining_time":1.383546942},
{"learn":[4.014530169],"iteration":458,"passed_time":1.170841342,"remaining_time":1.380011255},
{"learn":[4.012884822],"iteration":459,"passed_time":1.172866226,"remaining_time":1.37684296},
{"learn":[4.008924707],"iteration":460,"passed_time":1.174929849,"remaining_time":1.373724921},
{"learn":[4.008286778],"iteration":461,"passed_time":1.17639384,"remaining_time":1.369913173},
{"learn":[4.006444202],"iteration":462,"passed_time":1.178809647,"remaining_time":1.367215508},
{"learn":[4.003284363],"iteration":463,"passed_time":1.181306195,"remaining_time":1.364612329},
{"learn":[3.999811484],"iteration":464,"passed_time":1.183794622,"remaining_time":1.362000265},
{"learn":[3.997483319],"iteration":465,"passed_time":1.186876939,"remaining_time":1.360069282},
{"learn":[3.99708333],"iteration":466,"passed_time":1.189141707,"remaining_time":1.357200278},
{"learn":[3.995860263],"iteration":467,"passed_time":1.192937701,"remaining_time":1.35607448},
{"learn":[3.994131111],"iteration":468,"passed_time":1.195303484,"remaining_time":1.353318017},
{"learn":[3.993125499],"iteration":469,"passed_time":1.19761897,"remaining_time":1.350506498},
{"learn":[3.992954084],"iteration":470,"passed_time":1.200069402,"remaining_time":1.347848649},
{"learn":[3.990635743],"iteration":471,"passed_time":1.203893407,"remaining_time":1.346728218},
{"learn":[3.986678254],"iteration":472,"passed_time":1.206054933,"remaining_time":1.343744079},
{"learn":[3.986393291],"iteration":473,"passed_time":1.20869611,"remaining_time":1.341295684},
{"learn":[3.986152671],"iteration":474,"passed_time":1.210737786,"remaining_time":1.338183868},
{"learn":[3.985596662],"iteration":475,"passed_time":1.212840878,"remaining_time":1.33514416},
{"learn":[3.983853457],"iteration":476,"passed_time":1.214715638,"remaining_time":1.331858026},
{"learn":[3.983263928],"iteration":477,"passed_time":1.217743097,"remaining_time":1.329836604},
{"learn":[3.980067202],"iteration":478,"passed_time":1.219618448,"remaining_time":1.326557852},
{"learn":[3.978115407],"iteration":479,"passed_time":1.221629088,"remaining_time":1.323431511},
{"learn":[3.972661644],"iteration":480,"passed_time":1.22351588,"remaining_time":1.320176178},
{"learn":[3.969938254],"iteration":481,"passed_time":1.225401581,"remaining_time":1.31692535},
{"learn":[3.968211434],"iteration":482,"passed_time":1.226986349,"remaining_time":1.313358059},
{"learn":[3.966113368],"iteration":483,"passed_time":1.228716696,"remaining_time":1.309954163},
{"learn":[3.962246044],"iteration":484,"passed_time":1.230319271,"remaining_time":1.306421494},
{"learn":[3.961319703],"iteration":485,"passed_time":1.233626035,"remaining_time":1.30469914},
{"learn":[3.96078191],"iteration":486,"passed_time":1.240449088,"remaining_time":1.306674296},
{"learn":[3.958913633],"iteration":487,"passed_time":1.242056444,"remaining_time":1.303141187},
{"learn":[3.957428286],"iteration":488,"passed_time":1.244060116,"remaining_time":1.3000301},
{"learn":[3.952641965],"iteration":489,"passed_time":1.246291027,"remaining_time":1.297160048},
{"learn":[3.951486786],"iteration":490,"passed_time":1.250534555,"remaining_time":1.296378999},
{"learn":[3.94938344],"iteration":491,"passed_time":1.252333571,"remaining_time":1.293059866},
{"learn":[3.947297924],"iteration":492,"passed_time":1.254162256,"remaining_time":1.289777412},
{"learn":[3.946284886],"iteration":493,"passed_time":1.256080121,"remaining_time":1.286592189},
{"learn":[3.943288204],"iteration":494,"passed_time":1.259532761,"remaining_time":1.284977868},
{"learn":[3.943076488],"iteration":495,"passed_time":1.261416628,"remaining_time":1.281762057},
{"learn":[3.942347078],"iteration":496,"passed_time":1.265030947,"remaining_time":1.28030295},
{"learn":[3.940251541],"iteration":497,"passed_time":1.267042213,"remaining_time":1.277219259},
{"learn":[3.939011019],"iteration":498,"passed_time":1.269153359,"remaining_time":1.274240146},
{"learn":[3.938760512],"iteration":499,"passed_time":1.270941012,"remaining_time":1.270941012},
{"learn":[3.934522727],"iteration":500,"passed_time":1.27330652,"remaining_time":1.26822346},
{"learn":[3.930091193],"iteration":501,"passed_time":1.275341356,"remaining_time":1.265179273},
{"learn":[3.927671752],"iteration":502,"passed_time":1.277956588,"remaining_time":1.262712573},
{"learn":[3.927280041],"iteration":503,"passed_time":1.280213827,"remaining_time":1.259892972},
{"learn":[3.925987561],"iteration":504,"passed_time":1.282079401,"remaining_time":1.25669169},
{"learn":[3.921645957],"iteration":505,"passed_time":1.283987837,"remaining_time":1.253537532},
{"learn":[3.920333743],"iteration":506,"passed_time":1.286416128,"remaining_time":1.250893789},
{"learn":[3.918659461],"iteration":507,"passed_time":1.288515424,"remaining_time":1.247932261},
{"learn":[3.916124385],"iteration":508,"passed_time":1.291284338,"remaining_time":1.245620059},
{"learn":[3.913849268],"iteration":509,"passed_time":1.295665771,"remaining_time":1.244855349},
{"learn":[3.912826119],"iteration":510,"passed_time":1.297690109,"remaining_time":1.241820867},
{"learn":[3.910034145],"iteration":511,"passed_time":1.299918637,"remaining_time":1.238984951},
{"learn":[3.90792379],"iteration":512,"passed_time":1.302091125,"remaining_time":1.236098203},
{"learn":[3.907823851],"iteration":513,"passed_time":1.304122037,"remaining_time":1.23308037},
{"learn":[3.904527401],"iteration":514,"passed_time":1.305873879,"remaining_time":1.229803556},
{"learn":[3.903378283],"iteration":515,"passed_time":1.308759781,"remaining_time":1.227596384},
{"learn":[3.902170135],"iteration":516,"passed_time":1.310751087,"remaining_time":1.224550822},
{"learn":[3.899435429],"iteration":517,"passed_time":1.313871543,"remaining_time":1.222560007},
{"learn":[3.897497505],"iteration":518,"passed_time":1.315885687,"remaining_time":1.219539529},
{"learn":[3.896426119],"iteration":519,"passed_time":1.318214683,"remaining_time":1.216813554},
{"learn":[3.896044669],"iteration":520,"passed_time":1.319983379,"remaining_time":1.21357397},
{"learn":[3.892795942],"iteration":521,"passed_time":1.32234007,"remaining_time":1.210878455},
{"learn":[3.892413888],"iteration":522,"passed_time":1.326780801,"remaining_time":1.210084975},
{"learn":[3.891738985],"iteration":523,"passed_time":1.329202445,"remaining_time":1.207443442},
{"learn":[3.88822057],"iteration":524,"passed_time":1.33111644,"remaining_time":1.204343446},
{"learn":[3.883837053],"iteration":525,"passed_time":1.3327444,"remaining_time":1.200990201},
{"learn":[3.881769742],"iteration":526,"passed_time":1.334478875,"remaining_time":1.197739104},
{"learn":[3.880356898],"iteration":527,"passed_time":1.336220545,"remaining_time":1.194500184},
{"learn":[3.879250273],"iteration":528,"passed_time":1.341371298,"remaining_time":1.194302233},
{"learn":[3.877174493],"iteration":529,"passed_time":1.34329596,"remaining_time":1.191224719},
{"learn":[3.875854201],"iteration":530,"passed_time":1.344849526,"remaining_time":1.187823781},
{"learn":[3.873189396],"iteration":531,"passed_time":1.347448259,"remaining_time":1.185349221},
{"learn":[3.871583368],"iteration":532,"passed_time":1.349329216,"remaining_time":1.182245298},
{"learn":[3.869622679],"iteration":533,"passed_time":1.351447462,"remaining_time":1.179353029},
{"learn":[3.866860164],"iteration":534,"passed_time":1.354360602,"remaining_time":1.177154542},
{"learn":[3.864498444],"iteration":535,"passed_time":1.356248135,"remaining_time":1.174065549},
{"learn":[3.861416322],"iteration":536,"passed_time":1.358718273,"remaining_time":1.171483353},
{"learn":[3.860265769],"iteration":537,"passed_time":1.361147865,"remaining_time":1.168866754},
{"learn":[3.859328725],"iteration":538,"passed_time":1.363125623,"remaining_time":1.165864401},
{"learn":[3.858521278],"iteration":539,"passed_time":1.36569457,"remaining_time":1.163369449},
{"learn":[3.85599111],"iteration":540,"passed_time":1.36821352,"remaining_time":1.160831803},
{"learn":[3.852379816],"iteration":541,"passed_time":1.370294015,"remaining_time":1.157923725},
{"learn":[3.851327537],"iteration":542,"passed_time":1.372206195,"remaining_time":1.154877037},
{"learn":[3.847854898],"iteration":543,"passed_time":1.374781796,"remaining_time":1.152390623},
{"learn":[3.847083414],"iteration":544,"passed_time":1.376650359,"remaining_time":1.149313603},
{"learn":[3.845397429],"iteration":545,"passed_time":1.378310426,"remaining_time":1.146067643},
{"learn":[3.841933528],"iteration":546,"passed_time":1.380278423,"remaining_time":1.143082496},
{"learn":[3.840996474],"iteration":547,"passed_time":1.382684455,"remaining_time":1.140462361},
{"learn":[3.838355966],"iteration":548,"passed_time":1.384773888,"remaining_time":1.137582921},
{"learn":[3.83342799],"iteration":549,"passed_time":1.4032533,"remaining_time":1.148116336},
{"learn":[3.828161535],"iteration":550,"passed_time":1.404856814,"remaining_time":1.144792576},
{"learn":[3.823502399],"iteration":551,"passed_time":1.406524796,"remaining_time":1.14152737},
{"learn":[3.820068862],"iteration":552,"passed_time":1.408537322,"remaining_time":1.138546443},
{"learn":[3.817951642],"iteration":553,"passed_time":1.410499093,"remaining_time":1.135528151},
{"learn":[3.815785958],"iteration":554,"passed_time":1.413087912,"remaining_time":1.133016434},
{"learn":[3.81503012],"iteration":555,"passed_time":1.416573345,"remaining_time":1.131220441},
{"learn":[3.813529315],"iteration":556,"passed_time":1.418453689,"remaining_time":1.128141803},
{"learn":[3.808881326],"iteration":557,"passed_time":1.421494839,"remaining_time":1.125986952},
{"learn":[3.808740434],"iteration":558,"passed_time":1.423376826,"remaining_time":1.122914455},
{"learn":[3.80714352],"iteration":559,"passed_time":1.425815293,"remaining_time":1.120283445},
{"learn":[3.80573346],"iteration":560,"passed_time":1.42881655,"remaining_time":1.118093521},
{"learn":[3.803370052],"iteration":561,"passed_time":1.431686367,"remaining_time":1.115798272},
{"learn":[3.803215211],"iteration":562,"passed_time":1.433177097,"remaining_time":1.112430535},
{"learn":[3.801309667],"iteration":563,"passed_time":1.434699338,"remaining_time":1.109093814},
{"learn":[3.800003847],"iteration":564,"passed_time":1.436479728,"remaining_time":1.105962269},
{"learn":[3.798026138],"iteration":565,"passed_time":1.438212428,"remaining_time":1.102798929},
{"learn":[3.794745847],"iteration":566,"passed_time":1.440099194,"remaining_time":1.099758291},
{"learn":[3.794312041],"iteration":567,"passed_time":1.442726324,"remaining_time":1.09728481},
{"learn":[3.792205926],"iteration":568,"passed_time":1.445050383,"remaining_time":1.094581222},
{"learn":[3.788991061],"iteration":569,"passed_time":1.446797805,"remaining_time":1.091443958},
{"learn":[3.787391572],"iteration":570,"passed_time":1.448620598,"remaining_time":1.08836819},
{"learn":[3.7826445],"iteration":571,"passed_time":1.450447394,"remaining_time":1.085299799},
{"learn":[3.781700331],"iteration":572,"passed_time":1.452309886,"remaining_time":1.082262341},
{"learn":[3.780045374],"iteration":573,"passed_time":1.453846207,"remaining_time":1.078986907},
{"learn":[3.775462644],"iteration":574,"passed_time":1.456072422,"remaining_time":1.076227442},
{"learn":[3.773711943],"iteration":575,"passed_time":1.458446713,"remaining_time":1.073578831},
{"learn":[3.772415806],"iteration":576,"passed_time":1.460796687,"remaining_time":1.070913342},
{"learn":[3.770170875],"iteration":577,"passed_time":1.462316266,"remaining_time":1.067642672},
{"learn":[3.765166479],"iteration":578,"passed_time":1.464008978,"remaining_time":1.064503938},
{"learn":[3.763976102],"iteration":579,"passed_time":1.465664764,"remaining_time":1.06134345},
{"learn":[3.760761708],"iteration":580,"passed_time":1.467349599,"remaining_time":1.058209091},
{"learn":[3.758155662],"iteration":581,"passed_time":1.469042248,"remaining_time":1.055085326},
{"learn":[3.756844548],"iteration":582,"passed_time":1.470679694,"remaining_time":1.051926986},
{"learn":[3.753098923],"iteration":583,"passed_time":1.47444854,"remaining_time":1.050292111},
{"learn":[3.751618946],"iteration":584,"passed_time":1.476603662,"remaining_time":1.047505162},
{"learn":[3.751398464],"iteration":585,"passed_time":1.478343541,"remaining_time":1.044427007},
{"learn":[3.749920103],"iteration":586,"passed_time":1.48056491,"remaining_time":1.041692177},
{"learn":[3.748237465],"iteration":587,"passed_time":1.482968293,"remaining_time":1.039086627},
{"learn":[3.746021536],"iteration":588,"passed_time":1.485174153,"remaining_time":1.036343933},
{"learn":[3.74417648],"iteration":589,"passed_time":1.48689559,"remaining_time":1.033266427},
{"learn":[3.738788389],"iteration":590,"passed_time":1.489438076,"remaining_time":1.030761714},
{"learn":[3.736021611],"iteration":591,"passed_time":1.491485984,"remaining_time":1.027916016},
{"learn":[3.734546151],"iteration":592,"passed_time":1.493347099,"remaining_time":1.024944805},
{"learn":[3.733527479],"iteration":593,"passed_time":1.495371286,"remaining_time":1.022088792},
{"learn":[3.733026392],"iteration":594,"passed_time":1.500502601,"remaining_time":1.02135051},
{"learn":[3.730314752],"iteration":595,"passed_time":1.505332994,"remaining_time":1.020393506},
{"learn":[3.727342596],"iteration":596,"passed_time":1.507146905,"remaining_time":1.017387274},
{"learn":[3.725459604],"iteration":597,"passed_time":1.50988604,"remaining_time":1.015007004},
{"learn":[3.723158842],"iteration":598,"passed_time":1.512607214,"remaining_time":1.012613511},
{"learn":[3.722362756],"iteration":599,"passed_time":1.514671696,"remaining_time":1.009781131},
{"learn":[3.721443615],"iteration":600,"passed_time":1.516791689,"remaining_time":1.006988159},
{"learn":[3.720743486],"iteration":601,"passed_time":1.519250279,"remaining_time":1.004421281},
{"learn":[3.720215334],"iteration":602,"passed_time":1.521710801,"remaining_time":1.001856033},
{"learn":[3.719436563],"iteration":603,"passed_time":1.523207715,"remaining_time":0.9986593627},
{"learn":[3.715046574],"iteration":604,"passed_time":1.524597009,"remaining_time":0.9953980471},
{"learn":[3.71443396],"iteration":605,"passed_time":1.526357015,"remaining_time":0.9923839339},
{"learn":[3.712938941],"iteration":606,"passed_time":1.528495979,"remaining_time":0.9896193077},
{"learn":[3.712814764],"iteration":607,"passed_time":1.530154621,"remaining_time":0.9865470585},
{"learn":[3.71235348],"iteration":608,"passed_time":1.531869121,"remaining_time":0.983515314},
{"learn":[3.711223749],"iteration":609,"passed_time":1.534733547,"remaining_time":0.9812230875},
{"learn":[3.710755648],"iteration":610,"passed_time":1.536770303,"remaining_time":0.9784020425},
{"learn":[3.708668039],"iteration":611,"passed_time":1.538684894,"remaining_time":0.9755061093},
{"learn":[3.705623591],"iteration":612,"passed_time":1.540626885,"remaining_time":0.9726306763},
{"learn":[3.704045802],"iteration":613,"passed_time":1.542579579,"remaining_time":0.9697650121},
{"learn":[3.699915209],"iteration":614,"passed_time":1.544799571,"remaining_time":0.9670696503},
{"learn":[3.696182221],"iteration":615,"passed_time":1.546962559,"remaining_time":0.9643402966},
{"learn":[3.694263278],"iteration":616,"passed_time":1.549590891,"remaining_time":0.9619016389},
{"learn":[3.693810229],"iteration":617,"passed_time":1.551547569,"remaining_time":0.959047203},
{"learn":[3.690900932],"iteration":618,"passed_time":1.553949724,"remaining_time":0.9564698623},
{"learn":[3.688020895],"iteration":619,"passed_time":1.556690017,"remaining_time":0.9541003333},
{"learn":[3.685491894],"iteration":620,"passed_time":1.558723138,"remaining_time":0.9512980184},
{"learn":[3.684328128],"iteration":621,"passed_time":1.561058706,"remaining_time":0.9486819786},
{"learn":[3.680640153],"iteration":622,"passed_time":1.56399374,"remaining_time":0.9464295987},
{"learn":[3.678932783],"iteration":623,"passed_time":1.566579663,"remaining_time":0.9439646688},
{"learn":[3.674167041],"iteration":624,"passed_time":1.569654885,"remaining_time":0.941792931},
{"learn":[3.672200976],"iteration":625,"passed_time":1.571718164,"remaining_time":0.9390137275},
{"learn":[3.670606604],"iteration":626,"passed_time":1.573408598,"remaining_time":0.9360150035},
{"learn":[3.665506042],"iteration":627,"passed_time":1.575521055,"remaining_time":0.9332704337},
{"learn":[3.664214007],"iteration":628,"passed_time":1.577313557,"remaining_time":0.9303391567},
{"learn":[3.66261643],"iteration":629,"passed_time":1.579674523,"remaining_time":0.9277453546},
{"learn":[3.662118449],"iteration":630,"passed_time":1.581605119,"remaining_time":0.9249006161},
{"learn":[3.660871366],"iteration":631,"passed_time":1.58333051,"remaining_time":0.9219392845},
{"learn":[3.656695243],"iteration":632,"passed_time":1.585101132,"remaining_time":0.9190080812},
{"learn":[3.654497801],"iteration":633,"passed_time":1.587054661,"remaining_time":0.9161861293},
{"learn":[3.654189134],"iteration":634,"passed_time":1.588870364,"remaining_time":0.9132876897},
{"learn":[3.653957699],"iteration":635,"passed_time":1.590895624,"remaining_time":0.9105125896},
{"learn":[3.651920725],"iteration":636,"passed_time":1.592915067,"remaining_time":0.9077365294},
{"learn":[3.65106705],"iteration":637,"passed_time":1.596074475,"remaining_time":0.9056096551},
{"learn":[3.650612844],"iteration":638,"passed_time":1.597640081,"remaining_time":0.9025791383},
{"learn":[3.649884732],"iteration":639,"passed_time":1.600095369,"remaining_time":0.900053645},
{"learn":[3.646276182],"iteration":640,"passed_time":1.602353102,"remaining_time":0.8974177282},
{"learn":[3.645808194],"iteration":641,"passed_time":1.604014023,"remaining_time":0.8944501874},
{"learn":[3.645042989],"iteration":642,"passed_time":1.605933163,"remaining_time":0.8916300766},
{"learn":[3.639864499],"iteration":643,"passed_time":1.607612068,"remaining_time":0.8886799629},
{"learn":[3.637318478],"iteration":644,"passed_time":1.612907051,"remaining_time":0.8877240357},
{"learn":[3.636344905],"iteration":645,"passed_time":1.615934477,"remaining_time":0.8855120817},
{"learn":[3.634754643],"iteration":646,"passed_time":1.618670247,"remaining_time":0.8831384808},
{"learn":[3.630724975],"iteration":647,"passed_time":1.621380367,"remaining_time":0.8807498289},
{"learn":[3.629408252],"iteration":648,"passed_time":1.624400713,"remaining_time":0.8785279665},
{"learn":[3.62790646],"iteration":649,"passed_time":1.626495278,"remaining_time":0.8758051497},
{"learn":[3.627388973],"iteration":650,"passed_time":1.628628433,"remaining_time":0.8731049508},
{"learn":[3.625163557],"iteration":651,"passed_time":1.629995156,"remaining_time":0.8699974146},
{"learn":[3.623701985],"iteration":652,"passed_time":1.63146495,"remaining_time":0.8669499809},
{"learn":[3.622342639],"iteration":653,"passed_time":1.633116969,"remaining_time":0.8640037785},
{"learn":[3.621130639],"iteration":654,"passed_time":1.635537116,"remaining_time":0.8614661147},
{"learn":[3.619125665],"iteration":655,"passed_time":1.637732533,"remaining_time":0.8588109623},
{"learn":[3.618878783],"iteration":656,"passed_time":1.640516303,"remaining_time":0.8564643713},
{"learn":[3.616207429],"iteration":657,"passed_time":1.642535645,"remaining_time":0.8537191344},
{"learn":[3.61206486],"iteration":658,"passed_time":1.644746344,"remaining_time":0.8510751191},
{"learn":[3.611955873],"iteration":659,"passed_time":1.64657569,"remaining_time":0.8482359617},
{"learn":[3.610713743],"iteration":660,"passed_time":1.648588865,"remaining_time":0.8454941382},
{"learn":[3.610044025],"iteration":661,"passed_time":1.650937491,"remaining_time":0.8429257883},
{"learn":[3.607342669],"iteration":662,"passed_time":1.652622125,"remaining_time":0.8400205973},
{"learn":[3.602510618],"iteration":663,"passed_time":1.655574125,"remaining_time":0.8377604008},
{"learn":[3.600492392],"iteration":664,"passed_time":1.657331384,"remaining_time":0.8348962609},
{"learn":[3.597171065],"iteration":665,"passed_time":1.66003178,"remaining_time":0.8325084304},
{"learn":[3.594358798],"iteration":666,"passed_time":1.661946821,"remaining_time":0.8297275731},
{"learn":[3.593945251],"iteration":667,"passed_time":1.663950352,"remaining_time":0.826993289},
{"learn":[3.593607748],"iteration":668,"passed_time":1.666425104,"remaining_time":0.8244943338},
{"learn":[3.592238714],"iteration":669,"passed_time":1.669810745,"remaining_time":0.8224440981},
{"learn":[3.590144654],"iteration":670,"passed_time":1.672065096,"remaining_time":0.8198351963},
{"learn":[3.587151536],"iteration":671,"passed_time":1.673837704,"remaining_time":0.8169922127},
{"learn":[3.586070865],"iteration":672,"passed_time":1.675550396,"remaining_time":0.8141232979},
{"learn":[3.585102746],"iteration":673,"passed_time":1.677248461,"remaining_time":0.8112507392},
{"learn":[3.584362847],"iteration":674,"passed_time":1.678888533,"remaining_time":0.8083537381},
{"learn":[3.581407561],"iteration":675,"passed_time":1.681201917,"remaining_time":0.8057831675},
{"learn":[3.57919422],"iteration":676,"passed_time":1.685778563,"remaining_time":0.8042931696},
{"learn":[3.577632204],"iteration":677,"passed_time":1.687628922,"remaining_time":0.8014992816},
{"learn":[3.573911195],"iteration":678,"passed_time":1.689672057,"remaining_time":0.7987993083},
{"learn":[3.573408216],"iteration":679,"passed_time":1.691720884,"remaining_time":0.7961039455},
{"learn":[3.571076482],"iteration":680,"passed_time":1.693691772,"remaining_time":0.7933739725},
{"learn":[3.568177107],"iteration":681,"passed_time":1.695816527,"remaining_time":0.7907179701},
{"learn":[3.564824621],"iteration":682,"passed_time":1.698664008,"remaining_time":0.7883989614},
{"learn":[3.562475026],"iteration":683,"passed_time":1.700362554,"remaining_time":0.7855476126},
{"learn":[3.561226889],"iteration":684,"passed_time":1.701885979,"remaining_time":0.7826190997},
{"learn":[3.559383467],"iteration":685,"passed_time":1.703784356,"remaining_time":0.7798663089},
{"learn":[3.555209766],"iteration":686,"passed_time":1.707033887,"remaining_time":0.7777315961},
{"learn":[3.55345383],"iteration":687,"passed_time":1.709923513,"remaining_time":0.7754304302},
{"learn":[3.552300968],"iteration":688,"passed_time":1.711940863,"remaining_time":0.7727338295},
{"learn":[3.551253986],"iteration":689,"passed_time":1.714974613,"remaining_time":0.7704958405},
{"learn":[3.549807725],"iteration":690,"passed_time":1.716604509,"remaining_time":0.7676277761},
{"learn":[3.547992926],"iteration":691,"passed_time":1.718412333,"remaining_time":0.7648424834},
{"learn":[3.545438607],"iteration":692,"passed_time":1.719919095,"remaining_time":0.7619266408},
{"learn":[3.543313763],"iteration":693,"passed_time":1.721947027,"remaining_time":0.7592446547},
{"learn":[3.542962896],"iteration":694,"passed_time":1.723842559,"remaining_time":0.756506447},
{"learn":[3.539800465],"iteration":695,"passed_time":1.727096166,"remaining_time":0.7543638426},
{"learn":[3.53953187],"iteration":696,"passed_time":1.730224181,"remaining_time":0.7521634533},
{"learn":[3.536332425],"iteration":697,"passed_time":1.731676592,"remaining_time":0.7492354309},
{"learn":[3.534993327],"iteration":698,"passed_time":1.73312227,"remaining_time":0.7463087313},
{"learn":[3.531637011],"iteration":699,"passed_time":1.735020197,"remaining_time":0.7435800844},
{"learn":[3.531040284],"iteration":700,"passed_time":1.736824638,"remaining_time":0.7408139327},
{"learn":[3.529973872],"iteration":701,"passed_time":1.738945565,"remaining_time":0.7381848696},
{"learn":[3.527325183],"iteration":702,"passed_time":1.741178636,"remaining_time":0.7356046302},
{"learn":[3.527200815],"iteration":703,"passed_time":1.744137002,"remaining_time":0.7333303302},
{"learn":[3.523459911],"iteration":704,"passed_time":1.745842136,"remaining_time":0.730529688},
{"learn":[3.522729934],"iteration":705,"passed_time":1.748156517,"remaining_time":0.7279858584},
{"learn":[3.522260582],"iteration":706,"passed_time":1.749578388,"remaining_time":0.7250727973},
{"learn":[3.518641591],"iteration":707,"passed_time":1.751604811,"remaining_time":0.7224132837},
{"learn":[3.516856405],"iteration":708,"passed_time":1.753573791,"remaining_time":0.7197319791},
{"learn":[3.515083413],"iteration":709,"passed_time":1.755846066,"remaining_time":0.717176562},
{"learn":[3.514671214],"iteration":710,"passed_time":1.757629368,"remaining_time":0.714423189},
{"learn":[3.512617621],"iteration":711,"passed_time":1.76081678,"remaining_time":0.7122404951},
{"learn":[3.510747971],"iteration":712,"passed_time":1.762413324,"remaining_time":0.7094146201},
{"learn":[3.508149266],"iteration":713,"passed_time":1.764033887,"remaining_time":0.7066018092},
{"learn":[3.504557165],"iteration":714,"passed_time":1.76580102,"remaining_time":0.7038507561},
{"learn":[3.501367208],"iteration":715,"passed_time":1.767746818,"remaining_time":0.7011733188},
{"learn":[3.497593362],"iteration":716,"passed_time":1.769951555,"remaining_time":0.6986001256},
{"learn":[3.496291169],"iteration":717,"passed_time":1.771718391,"remaining_time":0.6958559696},
{"learn":[3.49330374],"iteration":718,"passed_time":1.774885174,"remaining_time":0.6936616607},
{"learn":[3.490044385],"iteration":719,"passed_time":1.776403113,"remaining_time":0.6908234327},
{"learn":[3.488891789],"iteration":720,"passed_time":1.777984579,"remaining_time":0.6880134502},
{"learn":[3.486869081],"iteration":721,"passed_time":1.779931266,"remaining_time":0.6853474957},
{"learn":[3.486303638],"iteration":722,"passed_time":1.781705923,"remaining_time":0.682617622},
{"learn":[3.486035862],"iteration":723,"passed_time":1.783152224,"remaining_time":0.6797652126},
{"learn":[3.482668951],"iteration":724,"passed_time":1.784746028,"remaining_time":0.6769726315},
{"learn":[3.47820549],"iteration":725,"passed_time":1.786295976,"remaining_time":0.674166801},
{"learn":[3.474392283],"iteration":726,"passed_time":1.788745908,"remaining_time":0.6717023838},
{"learn":[3.472268163],"iteration":727,"passed_time":1.790868213,"remaining_time":0.6691155962},
{"learn":[3.471209164],"iteration":728,"passed_time":1.79292572,"remaining_time":0.6665059947},
{"learn":[3.470049971],"iteration":729,"passed_time":1.795197125,"remaining_time":0.6639770189},
{"learn":[3.469078654],"iteration":730,"passed_time":1.797037311,"remaining_time":0.6612900639},
{"learn":[3.468643292],"iteration":731,"passed_time":1.798574546,"remaining_time":0.658494506},
{"learn":[3.468134848],"iteration":732,"passed_time":1.800059382,"remaining_time":0.6556832948},
{"learn":[3.467820182],"iteration":733,"passed_time":1.801564509,"remaining_time":0.6528830508},
{"learn":[3.465776156],"iteration":734,"passed_time":1.803718433,"remaining_time":0.6503202514},
{"learn":[3.463037608],"iteration":735,"passed_time":1.80561653,"remaining_time":0.6476667988},
{"learn":[3.45965637],"iteration":736,"passed_time":1.807334172,"remaining_time":0.6449510005},
{"learn":[3.457275091],"iteration":737,"passed_time":1.808686837,"remaining_time":0.6421083351},
{"learn":[3.455522955],"iteration":738,"passed_time":1.810647691,"remaining_time":0.6394845026},
{"learn":[3.451270508],"iteration":739,"passed_time":1.812191372,"remaining_time":0.6367158873},
{"learn":[3.450978947],"iteration":740,"passed_time":1.813812482,"remaining_time":0.633977642},
{"learn":[3.450608492],"iteration":741,"passed_time":1.816126113,"remaining_time":0.6314832038},
{"learn":[3.448122004],"iteration":742,"passed_time":1.818299789,"remaining_time":0.6289408423},
{"learn":[3.445646714],"iteration":743,"passed_time":1.821342765,"remaining_time":0.626698586},
{"learn":[3.44411263],"iteration":744,"passed_time":1.822878165,"remaining_time":0.6239381637},
{"learn":[3.443264164],"iteration":745,"passed_time":1.825415867,"remaining_time":0.6215222926},
{"learn":[3.439521363],"iteration":746,"passed_time":1.827305992,"remaining_time":0.6188867684},
{"learn":[3.436809225],"iteration":747,"passed_time":1.829341849,"remaining_time":0.6163023343},
{"learn":[3.435509465],"iteration":748,"passed_time":1.831460398,"remaining_time":0.6137470761},
{"learn":[3.434450277],"iteration":749,"passed_time":1.835253076,"remaining_time":0.6117510253},
{"learn":[3.431786753],"iteration":750,"passed_time":1.837987412,"remaining_time":0.6093992886},
{"learn":[3.430150302],"iteration":751,"passed_time":1.839981728,"remaining_time":0.6068024846},
{"learn":[3.42696281],"iteration":752,"passed_time":1.842573383,"remaining_time":0.6044032213},
{"learn":[3.426870334],"iteration":753,"passed_time":1.844198641,"remaining_time":0.6016881509},
{"learn":[3.425200309],"iteration":754,"passed_time":1.845921496,"remaining_time":0.5990076377},
{"learn":[3.423383783],"iteration":755,"passed_time":1.847699014,"remaining_time":0.5963473008},
{"learn":[3.422752979],"iteration":756,"passed_time":1.850644343,"remaining_time":0.5940641681},
{"learn":[3.420845924],"iteration":757,"passed_time":1.852398856,"remaining_time":0.5913991071},
{"learn":[3.418917862],"iteration":758,"passed_time":1.854114318,"remaining_time":0.5887240458},
{"learn":[3.417095735],"iteration":759,"passed_time":1.855707682,"remaining_time":0.5860129522},
{"learn":[3.414391848],"iteration":760,"passed_time":1.857353969,"remaining_time":0.5833214173},
{"learn":[3.41426711],"iteration":761,"passed_time":1.860224685,"remaining_time":0.5810150592},
{"learn":[3.411976013],"iteration":762,"passed_time":1.864530932,"remaining_time":0.5791531204},
{"learn":[3.408614844],"iteration":763,"passed_time":1.867580041,"remaining_time":0.5768964525},
{"learn":[3.407906721],"iteration":764,"passed_time":1.868961374,"remaining_time":0.5741253895},
{"learn":[3.407494015],"iteration":765,"passed_time":1.871147067,"remaining_time":0.5716036733},
{"learn":[3.406287128],"iteration":766,"passed_time":1.873069955,"remaining_time":0.569002998},
{"learn":[3.404600442],"iteration":767,"passed_time":1.874936634,"remaining_time":0.566387108},
{"learn":[3.404012662],"iteration":768,"passed_time":1.876565715,"remaining_time":0.5637017947},
{"learn":[3.400398762],"iteration":769,"passed_time":1.87846641,"remaining_time":0.5611003562},
{"learn":[3.399737714],"iteration":770,"passed_time":1.880181702,"remaining_time":0.5584456677},
{"learn":[3.399185251],"iteration":771,"passed_time":1.881680212,"remaining_time":0.555729389},
{"learn":[3.397245411],"iteration":772,"passed_time":1.883861305,"remaining_time":0.5532167093},
{"learn":[3.396229831],"iteration":773,"passed_time":1.885526737,"remaining_time":0.5505543187},
{"learn":[3.394002836],"iteration":774,"passed_time":1.887170204,"remaining_time":0.5478881238},
{"learn":[3.389617243],"iteration":775,"passed_time":1.889616989,"remaining_time":0.5454564505},
{"learn":[3.385426488],"iteration":776,"passed_time":1.891174668,"remaining_time":0.5427695636},
{"learn":[3.385072258],"iteration":777,"passed_time":1.892583294,"remaining_time":0.5400430478},
{"learn":[3.383842366],"iteration":778,"passed_time":1.894883724,"remaining_time":0.5375729179},
{"learn":[3.380110746],"iteration":779,"passed_time":1.896259251,"remaining_time":0.5348423529},
{"learn":[3.378595218],"iteration":780,"passed_time":1.897516261,"remaining_time":0.5320820244},
{"learn":[3.377371219],"iteration":781,"passed_time":1.899249684,"remaining_time":0.5294583517},
{"learn":[3.375814782],"iteration":782,"passed_time":1.900893579,"remaining_time":0.5268121414},
{"learn":[3.374195887],"iteration":783,"passed_time":1.902316664,"remaining_time":0.5241076524},
{"learn":[3.373704309],"iteration":784,"passed_time":1.903629125,"remaining_time":0.5213761299},
{"learn":[3.372971757],"iteration":785,"passed_time":1.905702496,"remaining_time":0.518855387},
{"learn":[3.371565136],"iteration":786,"passed_time":1.907264547,"remaining_time":0.5161973933},
{"learn":[3.3700309],"iteration":787,"passed_time":1.910086448,"remaining_time":0.5138811256},
{"learn":[3.368186663],"iteration":788,"passed_time":1.9116188,"remaining_time":0.5112187159},
{"learn":[3.366710398],"iteration":789,"passed_time":1.912979051,"remaining_time":0.5085134185},
{"learn":[3.364598042],"iteration":790,"passed_time":1.91459355,"remaining_time":0.5058787003},
{"learn":[3.36348442],"iteration":791,"passed_time":1.916153504,"remaining_time":0.5032322335},
{"learn":[3.362001759],"iteration":792,"passed_time":1.918024764,"remaining_time":0.5006697682},
{"learn":[3.361580401],"iteration":793,"passed_time":1.919605827,"remaining_time":0.4980337537},
{"learn":[3.359543675],"iteration":794,"passed_time":1.921196934,"remaining_time":0.4954029831},
{"learn":[3.35766119],"iteration":795,"passed_time":1.92368296,"remaining_time":0.4930041756},
{"learn":[3.354592969],"iteration":796,"passed_time":1.925791228,"remaining_time":0.4905089326},
{"learn":[3.350985986],"iteration":797,"passed_time":1.92726521,"remaining_time":0.4878541007},
{"learn":[3.349589624],"iteration":798,"passed_time":1.929143935,"remaining_time":0.4853040437},
{"learn":[3.349110856],"iteration":799,"passed_time":1.931859395,"remaining_time":0.4829648488},
{"learn":[3.345315441],"iteration":800,"passed_time":1.933619319,"remaining_time":0.4803873214},
{"learn":[3.34397474],"iteration":801,"passed_time":1.935160589,"remaining_time":0.477757851},
{"learn":[3.343800902],"iteration":802,"passed_time":1.936838641,"remaining_time":0.475164648},
{"learn":[3.342329465],"iteration":803,"passed_time":1.939536394,"remaining_time":0.4728223051},
{"learn":[3.34220347],"iteration":804,"passed_time":1.941880072,"remaining_time":0.4703933093},
{"learn":[3.341279219],"iteration":805,"passed_time":1.943569453,"remaining_time":0.4678070396},
{"learn":[3.337329521],"iteration":806,"passed_time":1.945155308,"remaining_time":0.4651982334},
{"learn":[3.336708453],"iteration":807,"passed_time":1.946816204,"remaining_time":0.4626097911},
{"learn":[3.333252703],"iteration":808,"passed_time":1.948325468,"remaining_time":0.4599878424},
{"learn":[3.332186769],"iteration":809,"passed_time":1.950055532,"remaining_time":0.4574204335},
{"learn":[3.330594851],"iteration":810,"passed_time":1.951635678,"remaining_time":0.4548201519},
{"learn":[3.327867442],"iteration":811,"passed_time":1.953919491,"remaining_time":0.4523853009},
{"learn":[3.327563111],"iteration":812,"passed_time":1.956128593,"remaining_time":0.449933637},
{"learn":[3.326308994],"iteration":813,"passed_time":1.957687084,"remaining_time":0.4473339037},
{"learn":[3.326249879],"iteration":814,"passed_time":1.959243405,"remaining_time":0.4447362329},
{"learn":[3.322336238],"iteration":815,"passed_time":1.961063485,"remaining_time":0.4422005897},
{"learn":[3.320491154],"iteration":816,"passed_time":1.962593915,"remaining_time":0.4396018193},
{"learn":[3.320434271],"iteration":817,"passed_time":1.964206752,"remaining_time":0.4370239963},
{"learn":[3.319609638],"iteration":818,"passed_time":1.96591422,"remaining_time":0.4344694429},
{"learn":[3.316182682],"iteration":819,"passed_time":1.967543813,"remaining_time":0.4318998613},
{"learn":[3.313126612],"iteration":820,"passed_time":1.969194585,"remaining_time":0.4293371872},
{"learn":[3.311222803],"iteration":821,"passed_time":1.970881108,"remaining_time":0.4267844734},
{"learn":[3.309627335],"iteration":822,"passed_time":1.972562367,"remaining_time":0.4242327327},
{"learn":[3.307974895],"iteration":823,"passed_time":1.97398135,"remaining_time":0.4216270844},
{"learn":[3.307321505],"iteration":824,"passed_time":1.975469694,"remaining_time":0.419039026},
{"learn":[3.306759087],"iteration":825,"passed_time":1.976937963,"remaining_time":0.4164494013},
{"learn":[3.30484037],"iteration":826,"passed_time":1.978315221,"remaining_time":0.4138434502},
{"learn":[3.30201994],"iteration":827,"passed_time":1.979797692,"remaining_time":0.4112623225},
{"learn":[3.299302297],"iteration":828,"passed_time":1.981111448,"remaining_time":0.4086490441},
{"learn":[3.298132671],"iteration":829,"passed_time":1.982910445,"remaining_time":0.4061382838},
{"learn":[3.296976183],"iteration":830,"passed_time":1.98562569,"remaining_time":0.4038155734},
{"learn":[3.293144745],"iteration":831,"passed_time":1.986996762,"remaining_time":0.4012205001},
{"learn":[3.290284404],"iteration":832,"passed_time":1.988221701,"remaining_time":0.3985990685},
{"learn":[3.288285745],"iteration":833,"passed_time":1.990045519,"remaining_time":0.3961001873},
{"learn":[3.286662667],"iteration":834,"passed_time":1.991805703,"remaining_time":0.3935903486},
{"learn":[3.285692682],"iteration":835,"passed_time":1.993426835,"remaining_time":0.391055025},
{"learn":[3.284565611],"iteration":836,"passed_time":1.995428382,"remaining_time":0.3885959692},
{"learn":[3.283897383],"iteration":837,"passed_time":1.99693344,"remaining_time":0.3860420254},
{"learn":[3.280712855],"iteration":838,"passed_time":1.999423177,"remaining_time":0.383679537},
{"learn":[3.280468341],"iteration":839,"passed_time":2.0012957,"remaining_time":0.381199181},
{"learn":[3.277814895],"iteration":840,"passed_time":2.00372399,"remaining_time":0.3788253441},
{"learn":[3.276316385],"iteration":841,"passed_time":2.005282751,"remaining_time":0.3762882123},
{"learn":[3.27557063],"iteration":842,"passed_time":2.007022204,"remaining_time":0.3737870535},
{"learn":[3.27499628],"iteration":843,"passed_time":2.008468505,"remaining_time":0.3712335151},
{"learn":[3.273569958],"iteration":844,"passed_time":2.010144103,"remaining_time":0.3687246579},
{"learn":[3.269665595],"iteration":845,"passed_time":2.01205248,"remaining_time":0.3662601441},
{"learn":[3.267984685],"iteration":846,"passed_time":2.015226638,"remaining_time":0.3640255911},
{"learn":[3.267702508],"iteration":847,"passed_time":2.018039532,"remaining_time":0.3617240671},
{"learn":[3.266671924],"iteration":848,"passed_time":2.020326364,"remaining_time":0.3593277751},
{"learn":[3.265359825],"iteration":849,"passed_time":2.022015552,"remaining_time":0.3568262739},
{"learn":[3.2618983],"iteration":850,"passed_time":2.023599601,"remaining_time":0.3543082733},
{"learn":[3.260456253],"iteration":851,"passed_time":2.025178672,"remaining_time":0.3517916003},
{"learn":[3.258389147],"iteration":852,"passed_time":2.026912134,"remaining_time":0.3493037323},
{"learn":[3.258108469],"iteration":853,"passed_time":2.029726169,"remaining_time":0.3470023662},
{"learn":[3.256424936],"iteration":854,"passed_time":2.031936559,"remaining_time":0.3445974282},
{"learn":[3.254817983],"iteration":855,"passed_time":2.033588467,"remaining_time":0.3420989944},
{"learn":[3.253898449],"iteration":856,"passed_time":2.03539881,"remaining_time":0.3396289729},
{"learn":[3.253023652],"iteration":857,"passed_time":2.036971373,"remaining_time":0.3371211363},
{"learn":[3.252845542],"iteration":858,"passed_time":2.038600129,"remaining_time":0.3346247011},
{"learn":[3.252316026],"iteration":859,"passed_time":2.040511224,"remaining_time":0.3321762457},
{"learn":[3.24975301],"iteration":860,"passed_time":2.042824957,"remaining_time":0.3297940407},
{"learn":[3.249151075],"iteration":861,"passed_time":2.046132368,"remaining_time":0.3275710751},
{"learn":[3.246257135],"iteration":862,"passed_time":2.047588738,"remaining_time":0.3250517463},
{"learn":[3.243826471],"iteration":863,"passed_time":2.049351556,"remaining_time":0.3225831153},
{"learn":[3.243190653],"iteration":864,"passed_time":2.051147452,"remaining_time":0.3201212786},
{"learn":[3.24008797],"iteration":865,"passed_time":2.052513915,"remaining_time":0.3175945319},
{"learn":[3.240036811],"iteration":866,"passed_time":2.05389818,"remaining_time":0.3150731926},
{"learn":[3.238676314],"iteration":867,"passed_time":2.057711896,"remaining_time":0.3129239289},
{"learn":[3.237848782],"iteration":868,"passed_time":2.061897266,"remaining_time":0.3108268605},
{"learn":[3.236405498],"iteration":869,"passed_time":2.078843458,"remaining_time":0.3106317811},
{"learn":[3.233378068],"iteration":870,"passed_time":2.081126481,"remaining_time":0.3082265396},
{"learn":[3.233169169],"iteration":871,"passed_time":2.082664625,"remaining_time":0.3057122386},
{"learn":[3.232434885],"iteration":872,"passed_time":2.083998373,"remaining_time":0.3031704391},
{"learn":[3.229978115],"iteration":873,"passed_time":2.085415879,"remaining_time":0.3006434791},
{"learn":[3.229648848],"iteration":874,"passed_time":2.086628697,"remaining_time":0.2980898139},
{"learn":[3.227208761],"iteration":875,"passed_time":2.088133822,"remaining_time":0.2955805867},
{"learn":[3.226258869],"iteration":876,"passed_time":2.089655065,"remaining_time":0.29307591},
{"learn":[3.225331995],"iteration":877,"passed_time":2.106489916,"remaining_time":0.2927013323},
{"learn":[3.221968268],"iteration":878,"passed_time":2.108691388,"remaining_time":0.2902749238},
{"learn":[3.221166317],"iteration":879,"passed_time":2.110626365,"remaining_time":0.2878126861},
{"learn":[3.220047503],"iteration":880,"passed_time":2.112073912,"remaining_time":0.2852858065},
{"learn":[3.21982781],"iteration":881,"passed_time":2.113233466,"remaining_time":0.2827228447},
{"learn":[3.216693405],"iteration":882,"passed_time":2.114615138,"remaining_time":0.2801924927},
{"learn":[3.214798761],"iteration":883,"passed_time":2.116233476,"remaining_time":0.2776957955},
{"learn":[3.214395085],"iteration":884,"passed_time":2.117473595,"remaining_time":0.2751519361},
{"learn":[3.213470696],"iteration":885,"passed_time":2.118789112,"remaining_time":0.272620721},
{"learn":[3.211595017],"iteration":886,"passed_time":2.120355699,"remaining_time":0.2701242322},
{"learn":[3.210965255],"iteration":887,"passed_time":2.123079265,"remaining_time":0.2677757631},
{"learn":[3.209413583],"iteration":888,"passed_time":2.125177145,"remaining_time":0.2653483274},
{"learn":[3.208331683],"iteration":889,"passed_time":2.126959799,"remaining_time":0.2628826718},
{"learn":[3.207110711],"iteration":890,"passed_time":2.129093967,"remaining_time":0.2604615515},
{"learn":[3.204519413],"iteration":891,"passed_time":2.130808609,"remaining_time":0.25799028},
{"learn":[3.201421296],"iteration":892,"passed_time":2.132637189,"remaining_time":0.2555343552},
{"learn":[3.200691259],"iteration":893,"passed_time":2.13444506,"remaining_time":0.2530773785},
{"learn":[3.200485067],"iteration":894,"passed_time":2.137065709,"remaining_time":0.2507172061},
{"learn":[3.197467568],"iteration":895,"passed_time":2.138649363,"remaining_time":0.2482360867},
{"learn":[3.195838544],"iteration":896,"passed_time":2.140071812,"remaining_time":0.2457384577},
{"learn":[3.195671746],"iteration":897,"passed_time":2.141924115,"remaining_time":0.2432920487},
{"learn":[3.194213094],"iteration":898,"passed_time":2.143787101,"remaining_time":0.2408481615},
{"learn":[3.192884691],"iteration":899,"passed_time":2.145649289,"remaining_time":0.2384054766},
{"learn":[3.188364239],"iteration":900,"passed_time":2.147002317,"remaining_time":0.2359081348},
{"learn":[3.185219478],"iteration":901,"passed_time":2.149234067,"remaining_time":0.233508801},
{"learn":[3.184120387],"iteration":902,"passed_time":2.151771782,"remaining_time":0.2311427052},
{"learn":[3.183725321],"iteration":903,"passed_time":2.153513488,"remaining_time":0.2286916978},
{"learn":[3.181264554],"iteration":904,"passed_time":2.154839338,"remaining_time":0.2261986045},
{"learn":[3.180741589],"iteration":905,"passed_time":2.156689575,"remaining_time":0.2237624945},
{"learn":[3.179782639],"iteration":906,"passed_time":2.158193964,"remaining_time":0.2212922147},
{"learn":[3.176377564],"iteration":907,"passed_time":2.159954693,"remaining_time":0.218850035},
{"learn":[3.174078182],"iteration":908,"passed_time":2.161546834,"remaining_time":0.2163924773},
{"learn":[3.171242379],"iteration":909,"passed_time":2.163195882,"remaining_time":0.2139424499},
{"learn":[3.170421012],"iteration":910,"passed_time":2.167018219,"remaining_time":0.2117065},
{"learn":[3.170087224],"iteration":911,"passed_time":2.169234625,"remaining_time":0.209312113},
{"learn":[3.167303059],"iteration":912,"passed_time":2.171056549,"remaining_time":0.2068805254},
{"learn":[3.16705966],"iteration":913,"passed_time":2.173001896,"remaining_time":0.2044618851},
{"learn":[3.165667683],"iteration":914,"passed_time":2.175768142,"remaining_time":0.2021205378},
{"learn":[3.164689733],"iteration":915,"passed_time":2.178676633,"remaining_time":0.199791307},
{"learn":[3.163311455],"iteration":916,"passed_time":2.182634908,"remaining_time":0.1975558313},
{"learn":[3.159425016],"iteration":917,"passed_time":2.184856315,"remaining_time":0.1951614573},
{"learn":[3.159327058],"iteration":918,"passed_time":2.186276922,"remaining_time":0.1926968778},
{"learn":[3.15819426],"iteration":919,"passed_time":2.188083435,"remaining_time":0.1902681248},
{"learn":[3.157086603],"iteration":920,"passed_time":2.189703138,"remaining_time":0.1878246991},
{"learn":[3.153354154],"iteration":921,"passed_time":2.191101351,"remaining_time":0.1853643225},
{"learn":[3.153261317],"iteration":922,"passed_time":2.192466645,"remaining_time":0.1829035013},
{"learn":[3.153168454],"iteration":923,"passed_time":2.194461294,"remaining_time":0.1804968164},
{"learn":[3.152080399],"iteration":924,"passed_time":2.197792644,"remaining_time":0.1781994036},
{"learn":[3.151635144],"iteration":925,"passed_time":2.20045552,"remaining_time":0.1758463375},
{"learn":[3.147762655],"iteration":926,"passed_time":2.202436306,"remaining_time":0.1734388892},
{"learn":[3.147172317],"iteration":927,"passed_time":2.203966188,"remaining_time":0.1709973767},
{"learn":[3.146254125],"iteration":928,"passed_time":2.205724613,"remaining_time":0.1685752933},
{"learn":[3.144869828],"iteration":929,"passed_time":2.207461264,"remaining_time":0.1661529984},
{"learn":[3.143466218],"iteration":930,"passed_time":2.209165587,"remaining_time":0.1637297803},
{"learn":[3.141919643],"iteration":931,"passed_time":2.210839151,"remaining_time":0.1613058608},
{"learn":[3.141054135],"iteration":932,"passed_time":2.212924377,"remaining_time":0.1589131118},
{"learn":[3.139390417],"iteration":933,"passed_time":2.214914268,"remaining_time":0.1565142845},
{"learn":[3.139025283],"iteration":934,"passed_time":2.217089606,"remaining_time":0.154129224},
{"learn":[3.137824183],"iteration":935,"passed_time":2.219929727,"remaining_time":0.1517900668},
{"learn":[3.135620453],"iteration":936,"passed_time":2.221849595,"remaining_time":0.1493879663},
{"learn":[3.13443178],"iteration":937,"passed_time":2.223893292,"remaining_time":0.146995079},
{"learn":[3.132765713],"iteration":938,"passed_time":2.225706018,"remaining_time":0.1445879309},
{"learn":[3.131434124],"iteration":939,"passed_time":2.227635984,"remaining_time":0.1421895309},
{"learn":[3.128384262],"iteration":940,"passed_time":2.229339904,"remaining_time":0.1397779536},
{"learn":[3.128120455],"iteration":941,"passed_time":2.230634387,"remaining_time":0.1373426693},
{"learn":[3.126314615],"iteration":942,"passed_time":2.232045584,"remaining_time":0.1349168593},
{"learn":[3.125409666],"iteration":943,"passed_time":2.234128579,"remaining_time":0.1325330513},
{"learn":[3.123072589],"iteration":944,"passed_time":2.236180738,"remaining_time":0.1301480853},
{"learn":[3.122921099],"iteration":945,"passed_time":2.237835562,"remaining_time":0.127741142},
{"learn":[3.122182662],"iteration":946,"passed_time":2.23926359,"remaining_time":0.1253230942},
{"learn":[3.120040951],"iteration":947,"passed_time":2.241811736,"remaining_time":0.1229685763},
{"learn":[3.118767799],"iteration":948,"passed_time":2.243768261,"remaining_time":0.120581856},
{"learn":[3.118203218],"iteration":949,"passed_time":2.245291369,"remaining_time":0.1181732299},
{"learn":[3.116343362],"iteration":950,"passed_time":2.246987634,"remaining_time":0.1157753881},
{"learn":[3.11480829],"iteration":951,"passed_time":2.248686764,"remaining_time":0.1133791646},
{"learn":[3.112607903],"iteration":952,"passed_time":2.2512459,"remaining_time":0.1110268177},
{"learn":[3.111661241],"iteration":953,"passed_time":2.253068452,"remaining_time":0.1086385208},
{"learn":[3.110249676],"iteration":954,"passed_time":2.255102324,"remaining_time":0.1062613661},
{"learn":[3.107333579],"iteration":955,"passed_time":2.257839937,"remaining_time":0.1039173193},
{"learn":[3.107149851],"iteration":956,"passed_time":2.259892372,"remaining_time":0.1015416635},
{"learn":[3.106867336],"iteration":957,"passed_time":2.261909578,"remaining_time":0.09916513807},
{"learn":[3.10364681],"iteration":958,"passed_time":2.263447505,"remaining_time":0.09676887143},
{"learn":[3.102703811],"iteration":959,"passed_time":2.264969716,"remaining_time":0.09437373816},
{"learn":[3.101469264],"iteration":960,"passed_time":2.266641909,"remaining_time":0.09198650829},
{"learn":[3.09863569],"iteration":961,"passed_time":2.268721524,"remaining_time":0.08961685855},
{"learn":[3.09645939],"iteration":962,"passed_time":2.270517753,"remaining_time":0.08723692302},
{"learn":[3.096240186],"iteration":963,"passed_time":2.273048024,"remaining_time":0.08488561086},
{"learn":[3.094838828],"iteration":964,"passed_time":2.274810106,"remaining_time":0.08250606602},
{"learn":[3.094176802],"iteration":965,"passed_time":2.276583557,"remaining_time":0.08012819972},
{"learn":[3.093182279],"iteration":966,"passed_time":2.27901288,"remaining_time":0.07777396593},
{"learn":[3.090150687],"iteration":967,"passed_time":2.280738665,"remaining_time":0.07539631951},
{"learn":[3.088612829],"iteration":968,"passed_time":2.282626361,"remaining_time":0.07302519832},
{"learn":[3.087153684],"iteration":969,"passed_time":2.284368464,"remaining_time":0.07065057104},
{"learn":[3.085866843],"iteration":970,"passed_time":2.286151184,"remaining_time":0.06827845968},
{"learn":[3.082669094],"iteration":971,"passed_time":2.2894194,"remaining_time":0.0659503531},
{"learn":[3.081047548],"iteration":972,"passed_time":2.291289197,"remaining_time":0.06358150907},
{"learn":[3.079684322],"iteration":973,"passed_time":2.293293933,"remaining_time":0.06121729183},
{"learn":[3.07613431],"iteration":974,"passed_time":2.295082732,"remaining_time":0.05884827517},
{"learn":[3.074005935],"iteration":975,"passed_time":2.296709025,"remaining_time":0.05647645144},
{"learn":[3.072988853],"iteration":976,"passed_time":2.298444073,"remaining_time":0.0541087141},
{"learn":[3.072344268],"iteration":977,"passed_time":2.299959996,"remaining_time":0.05173734143},
{"learn":[3.070654438],"iteration":978,"passed_time":2.302020626,"remaining_time":0.04937940056},
{"learn":[3.069724506],"iteration":979,"passed_time":2.30405876,"remaining_time":0.04702160734},
{"learn":[3.067763166],"iteration":980,"passed_time":2.305499837,"remaining_time":0.04465290204},
{"learn":[3.066737893],"iteration":981,"passed_time":2.307070618,"remaining_time":0.04228846347},
{"learn":[3.065248174],"iteration":982,"passed_time":2.308565859,"remaining_time":0.03992433327},
{"learn":[3.063186837],"iteration":983,"passed_time":2.310432135,"remaining_time":0.03756800219},
{"learn":[3.062880371],"iteration":984,"passed_time":2.312363793,"remaining_time":0.03521366182},
{"learn":[3.061288645],"iteration":985,"passed_time":2.314608638,"remaining_time":0.03286462569},
{"learn":[3.059970575],"iteration":986,"passed_time":2.317203003,"remaining_time":0.0305204043},
{"learn":[3.059576341],"iteration":987,"passed_time":2.319416301,"remaining_time":0.02817104819},
{"learn":[3.058175919],"iteration":988,"passed_time":2.320764816,"remaining_time":0.02581234881},
{"learn":[3.056830702],"iteration":989,"passed_time":2.322187661,"remaining_time":0.02345644102},
{"learn":[3.056336579],"iteration":990,"passed_time":2.323784192,"remaining_time":0.02110399368},
{"learn":[3.055810414],"iteration":991,"passed_time":2.325711358,"remaining_time":0.01875573675},
{"learn":[3.055476518],"iteration":992,"passed_time":2.327287458,"remaining_time":0.01640585317},
{"learn":[3.053331734],"iteration":993,"passed_time":2.329403228,"remaining_time":0.01406078407},
{"learn":[3.050890374],"iteration":994,"passed_time":2.331896861,"remaining_time":0.01171807468},
{"learn":[3.04972623],"iteration":995,"passed_time":2.333678348,"remaining_time":0.009372202203},
{"learn":[3.047217327],"iteration":996,"passed_time":2.335358001,"remaining_time":0.007027155469},
{"learn":[3.047155483],"iteration":997,"passed_time":2.336883326,"remaining_time":0.004683132918},
{"learn":[3.04430671],"iteration":998,"passed_time":2.338357666,"remaining_time":0.002340698364},
{"learn":[3.042664195],"iteration":999,"passed_time":2.340290257,"remaining_time":0}
]}